"","...3"
"...1",250705.368959621
"...2",66325.8353196591
"...3",103310.953329352
"...4",108457.109731911
"...5",34532.2918682244
"...6",73963.6513566015
"...7",123814.186690053
"...8",97461.1384857957
"...9",4061.90783241946
"...10",68204.7493434711
"...11",136959.807777948
"...12",34657.5087533383
"...13",19724.7688398099
"...14",29280.9328643265
"...15",44137.7206029674
"...16",33445.3070735516
"...17",53915.5377323799
"...18",21140.5239965788
"...19",730.551352246127
"...20",295866.752495619
"...21",1992.63783454236
"...22",5436.48282057082
"...23",139785.91620073
"...24",226953.230090152
"...25",6206.04386067939
"...26",426185.175890703
"...27",55946.2880951733
"...28",30342.8277809901
"...29",7533.88548690866
"...30",124988.766014958
"...31",37007.1435573769
"...32",212748.227414448
"...33",126402.244047695
"...34",58137.33846118
"...35",24702.5187277231
"...36",277236.069617853
"...37",59977.3923605747
"...38",17605.3042252433
"...39",82765.2424755967
"...40",7576.44993460291
"...41",62476.873514944
"...42",14036.4646788214
"...43",28977.7632415644
"...44",9436.51359635185
"...45",33299.6662030248
"...46",18580.6003047937
"...47",135254.207074809
"...48",10630.2103770737
"...49",106189.484976625
"...50",34552.9901635145
"...51",27809.3926111258
"...52",56010.1464381743
"...53",45751.2737194712
"...54",10167.330413725
"...55",19378.1465951379
"...56",12746.3145844403
"...57",20221.1961276769
"...58",113543.694992193
"...59",34461.128411441
"...60",103131.641778399
"...61",29940.8362248853
"...62",57779.0046416965
"...63",17954.1880162523
"...64",84581.2004009104
"...65",82290.0256221019
"...66",124854.580120864
"...67",147929.958211893
"...68",99585.4603876518
"...69",65190.3947490496
"...70",49729.2907283247
"...71",6454.86249530029
"...72",430459.25360444
"...73",87136.9993132894
"...74",133446.428908805
"...75",90869.3918324118
"...76",19480.8951088921
"...77",84782.6286801168
"...78",56810.336346277
"...79",95092.3974634926
"...80",76007.9050925264
"...81",34078.2538452084
"...82",26304.0397604444
"...83",20519.0029948592
"...84",109477.35407594
"...85",27533.2944702724
"...86",126939.37963287
"...87",101645.196174649
"...88",80529.6054523972
"...89",40482.8207571084
"...90",50766.0903411368
"...91",28195.7326173906
"...92",32412.034653663
"...93",110668.481449978
"...94",37008.3765945128
"...95",32605.2009824982
"...96",60160.1893014593
"...97",25813.6324383996
"...98",10315.7119819868
"...99",36623.6690081368
"...100",18792.7189870383
"...101",23855.5694667168
"...102",10106.0956688974
"...103",30835.3118950478
"...104",472518.585438915
"...105",137242.815558873
"...106",86594.1316632052
"...107",58987.2396189958
"...108",14973.9581339542
"...109",70280.5774536317
"...110",136683.976500864
"...111",18429.1163521101
"...112",6213.37030268252
"...113",11414.7404937234
"...114",18357.8163777254
"...115",42302.9050399226
"...116",38387.3281008218
"...117",14681.0501310766
"...118",40302.7922775351
"...119",40387.5814362628
"...120",8156.23531302594
"...121",34335.7552320696
"...122",35121.0184634687
"...123",31492.4278751879
"...124",55411.3853356827
"...125",12656.397165161
"...126",19630.0329685177
"...127",173861.858956356
"...128",21465.2769839216
"...129",67334.5718855477
"...130",10638.1488808306
"...131",60031.7956087
"...132",155126.415383257
"...133",42793.0265384064
"...134",230086.085238546
"...135",159136.486431358
"...136",83646.9774638216
"...137",45050.3975761074
"...138",22378.7497810938
"...139",53014.540519484
"...140",22014.2769795682
"...141",21724.3701196547
"...142",69944.0963258889
"...143",22539.0279559407
"...144",15474.3329461096
"...145",49587.4279901093
"...146",146773.207051644
"...147",26704.0261774896
"...148",42544.4490203153
"...149",48081.1094682318
"...150",31567.027553639
"...151",19240.7164792889
"...152",43693.2289161889
"...153",40690.4653078356
"...154",20239.0291755881
"...155",113235.689520822
"...156",48894.9634916425
"...157",33996.6630363059
"...158",4642.89316794853
"...159",55923.7023451156
"...160",49471.8322497646
"...161",16394.457264878
"...162",18927.9881042632
"...163",8483.22124846872
"...164",23834.4477405836
"...165",11274.9893064467
"...166",26349.4972689789
"...167",1956.7993344007
"...168",59771.8547240554
"...169",12277.2731679692
"...170",18153.7523333566
"...171",82838.8726501166
"...172",50697.2321919684
"...173",166760.264718931
"...174",211095.428326057
"...175",5335.59987639688
"...176",4261.67688011997
"...177",6466.51363976903
"...178",148228.926986951
"...179",187008.729216507
"...180",978.133678394261
"...181",59052.4846745577
"...182",3085.21047965443
"...183",817.389788224412
"...184",13723.246635474
"...185",239014.690173459
"...186",44199.7481186408
"...187",735.214437502329
"...188",85030.8874312335
"...189",8385.74339840074
"...190",15836.630737923
"...191",59142.0916913454
"...192",30796.7399123212
"...193",120005.950054402
"...194",521728.260330813
"...195",25311.7224857316
"...196",67612.0061581738
"...197",82683.965319389
"...198",23364.2693807499
"...199",2219.95930681745
"...200",61510.4893053238
"...201",262221.829410664
"...202",30308.8329930812
"...203",45495.9199802682
"...204",44653.3855289882
"...205",227240.638469868
"...206",81807.5166682904
"...207",15180.963931654
"...208",96419.0763755226
"...209",178076.409150036
"...210",635223.149741289
"...211",84983.7062764529
"...212",131138.871132375
"...213",137902.262812476
"...214",2514.32633146579
"...215",245542.615436298
"...216",238170.244183126
"...217",277272.753622482
"...218",17487.2074206055
"...219",24939.0001799355
"...220",15196.6698377239
"...221",148535.148603904
"...222",84336.6740819788
"...223",117471.414554447
"...224",12114.8249194336
"...225",97669.953484567
"...226",78574.7004794473
"...227",12932.0861920713
"...228",46685.9080995605
"...229",30398.989014178
"...230",10109.905059541
"...231",239518.583560984
"...232",41877.2917175635
"...233",225.061598013493
"...234",13629.5136369718
"...235",36238.2152931101
"...236",13227.8746661541
"...237",106900.810411351
"...238",318379.135262338
"...239",155666.852801947
"...240",4851.37543212625
"...241",740.43816640545
"...242",76275.5702620133
"...243",21406.493981466
"...244",3046.40866851096
"...245",157639.586748842
"...246",1154.72615326488
"...247",357933.13213249
"...248",20381.7548931584
"...249",605746.010642845
"...250",313888.408674823
"...251",1106230.5275093
"...252",1204.40384267446
"...253",30630.2895286878
"...254",3512.63467211309
"...255",150654.737486237
"...256",3819.08161159558
"...257",11969.0537302901
"...258",98548.8700558257
"...259",7189.63494800227
"...260",70862.6437514862
"...261",50534.5491732439
"...262",781.027090895049
"...263",22440.9020138017
"...264",22490.8019345444
"...265",41319.608480457
"...266",14069.283115084
"...267",39028.6424171824
"...268",13691.670840233
"...269",5888.62985785539
"...270",32651.7923755865
"...271",102419.110188475
"...272",58721.2697507409
"...273",212295.235054891
"...274",14898.0870918018
"...275",109337.855486568
"...276",314167.914858647
"...277",5286.06667125274
"...278",20083.8907410605
"...279",2274.86995925937
"...280",10195.6842759866
"...281",7622.50285241431
"...282",300540.770479487
"...283",728.30700364068
"...284",48529.1430525784
"...285",2052.00389652444
"...286",66450.7914936928
"...287",76131.0676683379
"...288",36152.4378155664
"...289",263010.833940453
"...290",165437.852989153
"...291",2006615.29268952
"...292",1365200.69208287
"...293",412254.070513931
"...294",128279.98549058
"...295",38337.1686169992
"...296",14431.4290209183
"...297",29382.7709611577
"...298",9554.48360836771
"...299",24577.3591906174
"...300",59897.186805237
"...301",11555.848246971
"...302",35718.7867294359
"...303",12594.9471829905
"...304",89688.1522163265
"...305",20971.4509554467
"...306",177165.99842569
"...307",4525.10461372364
"...308",29152.7677622587
"...309",13992.6738774876
"...310",116292.58587103
"...311",1754.018366619
"...312",51193.0965350457
"...313",40731.0729606939
"...314",62880.761703409
"...315",1605.34423669623
"...316",117434.15511831
"...317",67281.1892273687
"...318",80588.6308028153
"...319",321608.940199572
"...320",175768.670813525
"...321",12166.5595373016
"...322",472956.213189811
"...323",133183.538179082
"...324",12691.9329347866
"...325",879.811989214299
"...326",150566.689036627
"...327",563.925927015834
"...328",14253.1808805319
"...329",122993.735795007
"...330",123450.86354245
"...331",2399.85559532822
"...332",172127.973102605
"...333",8747.81171875575
"...334",10818.8576213456
"...335",92906.8525393002
"...336",41978.3659319295
"...337",380094.562125177
"...338",2289.64078015615
"...339",2208.68977003464
"...340",4743.41076998043
"...341",1303.52781775466
"...342",13870.4974217343
"...343",67137.3504724362
"...344",58240.0359357085
"...345",184017.427091099
"...346",94271.8818156312
"...347",44759.8553598223
"...348",48755.6724834331
"...349",121309.305766219
"...350",24819.0836420904
"...351",3617.57547091718
"...352",58602.3053086435
"...353",30515.3634719889
"...354",24952.546302085
"...355",57249.5695054237
"...356",22598.2068471136
"...357",12714.8400462865
"...358",211048.284632431
"...359",305678.779560721
"...360",74887.002270484
"...361",28579.4779279989
"...362",1338.17472383328
"...363",8367.15450937313
"...364",9843.12619053873
"...365",11292.9230722193
"...366",12760.2931494458
"...367",24583.0491018623
"...368",23344.1979896993
"...369",103881.331510198
"...370",7344.15990529651
"...371",28027.1887780655
"...372",225058.754575686
"...373",41031.2983452039
"...374",1275.33932033641
"...375",67551.028300238
"...376",32108.6357299321
"...377",24600.1217070528
"...378",1482.29568610097
"...379",24452.0509031223
"...380",2208.80289945304
"...381",6069.67203491865
"...382",6035.35054192744
"...383",159546.68075613
"...384",9497.65336590626
"...385",26979.4150611782
"...386",13506.9197143749
"...387",8303.12458525662
"...388",19162.8979482636
"...389",21369.3359840518
"...390",53.536739899646
"...391",329.83257503494
"...392",923.606131718081
"...393",701.305797955217
"...394",1134.76680352298
"...395",17684.9834003105
"...396",111.303209900658
"...397",52963.0028102572
"...398",5544.73084737855
"...399",1988.05581033788
"...400",294.321689134062
"...401",306916.787206533
"...402",25656.7837906976
"...403",61600.2773331006
"...404",40558.5367707771
"...405",170196.344682779
"...406",12255.9799329761
"...407",434840.676160056
"...408",44703.2347390611
"...409",2037.03095001304
"...410",16486.4582683148
"...411",14339.8841731057
"...412",20557.1082307844
"...413",154772.485094828
"...414",13470.5709725635
"...415",831.17072882737
"...416",4714.86493441193
"...417",27289.5277772488
"...418",7058.12558042577
"...419",41235.8932617218
"...420",25255.817854636
"...421",2871.46926674638
"...422",7960.37732820882
"...423",10802.3124373674
"...424",10636.7182710498
"...425",12163.3107883263
"...426",163896.184264773
"...427",6418.12320303387
"...428",326067.002706772
"...429",382146.469906394
"...430",507577.439206501
"...431",17467.9618087449
"...432",56.9070456133321
"...433",5997.28410504266
"...434",406815.151670145
"...435",16742.8737114855
"...436",26377.627215121
"...437",12408.7554612961
"...438",5152.38001382718
"...439",27095.9623838691
"...440",995.711617535324
"...441",191591.347156858
"...442",27994.4206860949
"...443",103955.054011798
"...444",2400.35730379002
"...445",64398.548848154
"...446",766488.990932554
"...447",48478.141597346
"...448",91747.3464876414
"...449",12737.5796006561
"...450",71266.4070755189
"...451",498996.76904217
"...452",1428.03102301272
"...453",5520.99681255675
"...454",1356.17302468479
"...455",24904.2328338551
"...456",159180.471613911
"...457",388943.94397135
"...458",16073.5665061814
"...459",8775.66596327297
"...460",12879.2826772229
"...461",14391.2013881657
"...462",20573.9472312463
"...463",732490.085394628
"...464",132304.07957609
"...465",84708.6225057937
"...466",119728.281168359
"...467",149663.658013898
"...468",56265.2446299816
"...469",856.092171594653
"...470",202291.906647127
"...471",1260111.99126107
"...472",303470.233513602
"...473",5040.98898883508
"...474",14033.3967823969
"...475",6682.40024897144
"...476",44419.0184105987
"...477",1015606.51932721
"...478",580.860872044661
"...479",104779.396071249
"...480",59291.8460877164
"...481",719.587491434161
"...482",52948.5780877167
"...483",473149.585892966
"...484",28048.3899058627
"...485",2159.33980757461
"...486",3511.69271835294
"...487",61619.5440011431
"...488",17819.2187377375
"...489",95258.232650526
"...490",72403.7341577195
"...491",17037.6157572744
"...492",106911.333666028
"...493",104867.25531045
"...494",31413.0124138287
"...495",11531.9039672001
"...496",466121.939884688
"...497",810.977386727521
"...498",56736.9546313024
"...499",14018.4923044744
"...500",230001.476823352
"...501",62351.2496439463
"...502",213637.164825988
"...503",12207.1703300937
"...504",39945.4258698614
"...505",54392.944079711
"...506",33837.5835734818
"...507",102008.462577219
"...508",488.906311954131
"...509",23825.9205412552
"...510",148836.775175249
"...511",10381.8462469732
"...512",191562.075636703
"...513",233295.499055402
"...514",45334.4823456682
"...515",615634.147117378
"...516",224729.708057702
"...517",27714.6583254884
"...518",206092.515810907
"...519",30317.3054292536
"...520",6853.59444796818
"...521",50668.5409385168
"...522",13446.5262558832
"...523",237806.994689433
"...524",33121.3369833733
"...525",50232.6450245388
"...526",8186.44717866817
"...527",2780.10461005889
"...528",19348.2363844529
"...529",73273.9830837213
"...530",51561.2045309809
"...531",53927.9998213689
"...532",43655.6785720462
"...533",4066.24721072165
"...534",1170.6892353278
"...535",906.189674862746
"...536",11956.4368126606
"...537",85247.3528390882
"...538",5869.32037375771
"...539",24601.1296539455
"...540",439.081944252861
"...541",46922.7960161949
"...542",27102.3573468141
"...543",30733.9947306142
"...544",23014.4348013098
"...545",42197.0555027171
"...546",23788.6476885885
"...547",16625.4612790395
"...548",19581.9928751999
"...549",16019.5437597535
"...550",33348.6663563245
"...551",4239.4314479166
"...552",40148.2557723914
"...553",46.259586583235
"...554",9807.06964452956
"...555",8172.01818320066
"...556",33048.783325152
"...557",3289.7534201845
"...558",14757.7546073227
"...559",24689.9475239056
"...560",51973.333064133
"...561",24925.9261884059
"...562",19234.8675137067
"...563",7987.47455499289
"...564",6969.93036911421
"...565",18642.2368301061
"...566",5032.86437142735
"...567",7835.04526687408
"...568",12224.0195480768
"...569",22514.5702498088
"...570",21764.1145510764
"...571",1493.26745086306
"...572",6700.14401846144
"...573",24037.9638431614
"...574",47838.0914211617
"...575",100325.596633652
"...576",13244.261597462
"...577",166404.957258682
"...578",62420.712613656
"...579",67185.5622026712
"...580",128185.040062841
"...581",14443.7551508216
"...582",6055.87406788719
"...583",294599.927422299
"...584",56919.1513541045
"...585",91543.614545672
"...586",6956.25388598661
"...587",118448.859043477
"...588",3236.55967946993
"...589",181065.557567741
"...590",258970.491824869
"...591",70654.9550911043
"...592",132138.051547239
"...593",2059.08800099927
"...594",1252.26624560583
"...595",94202.0368815598
"...596",58664.7386008312
"...597",112049.828273826
"...598",32013.4134235142
"...599",173222.269727946
"...600",113877.53661497
"...601",263067.335374452
"...602",77667.4956999085
"...603",37957.4167954978
"...604",20961.733938616
"...605",28659.7221705213
"...606",62566.5182325489
"...607",9481.24362222393
"...608",251416.382538005
"...609",8083.16490528459
"...610",2396.06874285402
"...611",1501.58324404453
"...612",26124.4556777695
"...613",114605.392406047
"...614",77338.4787451277
"...615",67808.863374303
"...616",108012.923149702
"...617",8281.7033430612
"...618",146879.807039476
"...619",29191.3362892197
"...620",71494.9030878197
"...621",48385.0500987307
"...622",63372.9778346954
"...623",45437.7862701077
"...624",40634.6532728748
"...625",132489.234366951
"...626",77101.7987462932
"...627",19416.6084971983
"...628",37623.0538756659
"...629",733838.507928787
"...630",95.4751699787244
"...631",42225.3626197057
"...632",8317.468651539
"...633",138862.906970399
"...634",85792.4439811582
"...635",2306.9721823669
"...636",43256.6214246399
"...637",595.574479150248
"...638",166.031535104602
"...639",2287.05533827371
"...640",287.960065688148
"...641",853.924822884214
"...642",1950.40836144239
"...643",3867.09670567191
"...644",89.2507367297165
"...645",4120.15993981544
"...646",4633.99274179073
"...647",3256.07578540481
"...648",8862.35369704432
"...649",4913.49080312559
"...650",534.356113601956
"...651",114.301767187922
"...652",24403.9932731573
"...653",11720.3885894706
"...654",1212.56912632225
"...655",36705.5841502886
"...656",3121.55947989036
"...657",1137.87136399279
"...658",3320.42253506632
"...659",3071.31214335359
"...660",82502.5980962107
"...661",27270.7498808951
"...662",7125.24657959902
"...663",861.296957096246
"...664",5242.59201891908
"...665",441984.801097343
"...666",10493.6185417483
"...667",232862.381517884
"...668",216.02385975429
"...669",953.057810245119
"...670",25396.6916286327
"...671",722.200021841566
"...672",349.344707440895
"...673",783.107760487691
"...674",8673.25805648897
"...675",269.548111706256
"...676",363.105353970995
"...677",85.7612883809389
"...678",241148.037477582
"...679",50401.4146094837
"...680",43464.6866515744
"...681",45005.8690587691
"...682",18613.0039300903
"...683",200.941923564952
"...684",123726.129524933
"...685",13737.3026322694
"...686",11682.5994516573
"...687",538963.772366842
"...688",75734.2089054314
"...689",34247.5652598422
"...690",78863.6136044665
"...691",576.788911233233
"...692",344417.448512641
"...693",1787.94333408895
"...694",40508.0207520289
"...695",4251.780747958
"...696",445685.600280115
"...697",2281.92551029819
"...698",5203.06597711669
"...699",299784.21395048
"...700",10309.5590551506
"...701",9643.72840487295
"...702",140572.971737018
"...703",2834.94967350424
"...704",217750.235737211
"...705",34932.9053507201
"...706",49582.2868400228
"...707",228933.201914312
"...708",34080.9491497663
"...709",29217.5084393764
"...710",11430.4563666097
"...711",121031.701818634
"...712",31578.9193488026
"...713",11426.9019886047
"...714",137304.451601988
"...715",1766991.4646779
"...716",103030.993119782
"...717",4144.89130347442
"...718",120963.440665116
"...719",4527.72605509662
"...720",35033.767823892
"...721",122462.913772864
"...722",46846.0512098345
"...723",85037.0219621116
"...724",6024.88788911851
"...725",13837.9574831941
"...726",5183.99884965008
"...727",10528.1252841685
"...728",2158.66851756435
"...729",30285.6020252463
"...730",58105.9327576349
"...731",16255.892963901
"...732",2874.04896595055
"...733",2323.95226807384
"...734",17381.2594546998
"...735",39744.0605659471
"...736",22916.7351686161
"...737",2258.61033428788
"...738",10680.494276027
"...739",10232.0814622795
"...740",12473.5166349687
"...741",24195.8863465221
"...742",21093.2845291049
"...743",18766.0628106963
"...744",29923.6849713579
"...745",30724.0129015003
"...746",212709.862691164
"...747",11747.904594831
"...748",6308.54413820985
"...749",21358.8067198274
"...750",104858.543871458
"...751",140679.246050097
"...752",12872.828539851
"...753",24438.0108985463
"...754",14263.1022545966
"...755",23893.4558915491
"...756",18548.4863102861
"...757",17192.1700250239
"...758",25352.8975053414
"...759",28733.0457514596
"...760",12652.3778760874
"...761",10034.5241855827
"...762",248377.600274532
"...763",193086.19670108
"...764",4002.42851045275
"...765",33075.0219031179
"...766",13243.7179569212
"...767",2722.44992050246
"...768",190145.465499222
"...769",47498.0166581373
"...770",65901.6146491616
"...771",32528.489445922
"...772",2060.13811925529
"...773",55503.6318493849
"...774",93291.615449905
"...775",22501.6425878722
"...776",3664.90603258557
"...777",813.834161628235
"...778",120686.607003436
"...779",2090.51712174004
"...780",69447.5767399239
"...781",27732.6194235565
"...782",16394.8584192417
"...783",118296.898602382
"...784",73301.9809391143
"...785",103556.303147706
"...786",26014.5463653254
"...787",103411.312314553
"...788",13119.2918505108
"...789",3100.49698476849
"...790",1524.44494837899
"...791",24651.8742829905
"...792",201196.494773247
"...793",808.997032611587
"...794",14769.1856305065
"...795",5085.78842084
"...796",10411.1742556496
"...797",108903.659606501
"...798",3671.19005219838
"...799",2888.25961396591
"...800",17334.2211746064
"...801",62504.6013162041
"...802",223218.005244914
"...803",33949.6468417402
"...804",130467.764211752
"...805",88797.6215231815
"...806",17012.5427976628
"...807",153468.927596088
"...808",73763.1776461721
"...809",255556.97034565
"...810",376537.512922435
"...811",30670.3746680159
"...812",43920.4097175271
"...813",281871.52699844
"...814",105423.482365615
"...815",15368.2373067106
"...816",50193.9761101997
"...817",276624.893960343
"...818",61131.7305897505
"...819",12014.1116986491
"...820",112753.677798556
"...821",2756.38320751749
"...822",60568.6706531568
"...823",207129.817285936
"...824",1345.28958240924
"...825",3949.04269243974
"...826",653.637786586676
"...827",233988.936807424
"...828",26617.9484716829
"...829",69764.8179006406
"...830",26722.6030498357
"...831",133390.131382434
"...832",329790.890935399
"...833",1642220.88219803
"...834",45173.622273006
"...835",74014.4098000069
"...836",3031.31850929206
"...837",3830.81478807903
"...838",446225.723355815
"...839",122997.950594754
"...840",14072.4885009793
"...841",185023.946196654
"...842",36236.4831515976
"...843",31834.012684621
"...844",10349.8006877104
"...845",34415.4598084244
"...846",129870.269772547
"...847",3870.0624792243
"...848",10368.7590035627
"...849",65681.5157592583
"...850",58966.7285722211
"...851",74489.4730631289
"...852",80407.4085395927
"...853",2933.73720111586
"...854",45502.7813507889
"...855",136101.624441038
"...856",21426.4711609457
"...857",13594.2544250177
"...858",23115.3103664536
"...859",16616.2511520663
"...860",43514.3685010263
"...861",1831278.41073869
"...862",872.026222235599
"...863",84586.2928014708
"...864",3183.43128058115
"...865",45858.2065360346
"...866",285847.041010024
"...867",127102.710881041
"...868",678447.504387185
"...869",21200.3111794699
"...870",1108.66923659551
"...871",7966.29932855376
"...872",4212.67012144358
"...873",139345.428802198
"...874",14350.7195212057
"...875",22351.0766413739
"...876",154213.415918744
"...877",25711.8660521785
"...878",2265.46330649105
"...879",163498.729530477
"...880",55875.5048072768
"...881",124647.701785463
"...882",22166.9639670727
"...883",24814.3143283282
"...884",25178.7436889213
"...885",275067.640605576
"...886",2524.90004710336
"...887",63567.1374539429
"...888",47704.4130609351
"...889",108485.108369181
"...890",1902.90501558029
"...891",3845.7817487253
"...892",6807.30456839738
"...893",23418.0133537548
"...894",136282.175473115
"...895",12842.4609024259
"...896",3734.93146213646
"...897",15000.9636956852
"...898",330.74215208067
"...899",7858.71061831932
"...900",40046.1419073643
"...901",22257.6551320815
"...902",13018.251549245
"...903",80823.157015063
"...904",700.807004994554
"...905",150113.3183902
"...906",86876.6361550015
"...907",10328.4686384717
"...908",47336.8121423958
"...909",34888.705002897
"...910",33077.1181636538
"...911",23052.0937007358
"...912",5241.34978705915
"...913",22773.3083917019
"...914",299228.049987885
"...915",41273.8963546183
"...916",7337.6280328998
"...917",8979.01428175142
"...918",15563.3754093508
"...919",111933.244666517
"...920",13559.7195819501
"...921",7484.99993323631
"...922",32030.3084306532
"...923",33816.6017676019
"...924",16188.5315217503
"...925",85102.8855051318
"...926",51799.820982835
"...927",10232.0306797719
"...928",2196.9007797013
"...929",459.273350998367
"...930",30338.9786028194
"...931",7024.28156922022
"...932",23753.0895928666
"...933",99645.6941940551
"...934",8238.63089043908
"...935",7569.59790439202
"...936",335793.651811649
"...937",6162.97919865251
"...938",0.13648665905543
"...939",44.2069577441194
"...940",10689.2536578543
"...941",1370.16599546131
"...942",100743.967484307
"...943",7008.58324438055
"...944",115446.850992215
"...945",116963.261947595
"...946",13011.3041781664
"...947",313419.724615541
"...948",322107.493018509
"...949",17519.8956650807
"...950",38241.7219403329
"...951",45657.810743215
"...952",32729.7461441567
"...953",146781.370580851
"...954",13.8595119517695
"...955",15185.124089177
"...956",10536.3458628391
"...957",231544.25088095
"...958",98348.6455459279
"...959",498.191750567416
"...960",137713.266820496
"...961",41787.2168805606
"...962",72758.2857699018
"...963",235038.24430664
"...964",39725.645245793
"...965",155.165699610488
"...966",104646.290607892
"...967",8201.61553644515
"...968",5352.62160730278
"...969",142718.137161169
"...970",57691.7601088972
"...971",36031.3543625256
"...972",444948.320727734
"...973",84257.295709639
"...974",12667.2536298723
"...975",108717.894986703
"...976",26323.9168242222
"...977",70005.0679963799
"...978",22727.3795934468
"...979",5998.89225191143
"...980",37036.9065330845
"...981",6955.34594786917
"...982",347813.419713332
"...983",63524.3722599955
"...984",23886.8631263036
"...985",305553.590771781
"...986",19512.5380160108
"...987",6276.22783186639
"...988",174455.565092075
"...989",6758.59565624743
"...990",436.200359254761
"...991",203311.485815327
"...992",185964.316040302
"...993",48346.1700900814
"...994",2677.34223754809
"...995",440242.982981704
"...996",69218.2333132843
"...997",46778.0490146628
"...998",253341.842007753
"...999",434528.810852844
"...1000",9073.2425012796
"...1001",150240.500401721
"...1002",293019.586338043
"...1003",148533.911379021
"...1004",336633.236129994
"...1005",76213.0901306574
"...1006",471.198185663799
"...1007",27174.6651272162
"...1008",5994.53771837349
"...1009",126782.756553268
"...1010",4922.26577250989
"...1011",12267.1645958379
"...1012",86835.5036159344
"...1013",93440.5628566613
"...1014",30464.5054184038
"...1015",3457.67371387231
"...1016",14164.7146686501
"...1017",556.685211087455
"...1018",43715.4685890076
"...1019",1243.81580728401
"...1020",3.83927768300609
"...1021",296026.423129533
"...1022",1466.83900885411
"...1023",57350.1518617495
"...1024",66701.042115628
"...1025",416645.851879995
"...1026",3950.91349358447
"...1027",497997.179742245
"...1028",608.102045585232
"...1029",51002.104920926
"...1030",46136.3051895596
"...1031",1327.95527660732
"...1032",136245.460362313
"...1033",170613.665778373
"...1034",35020.6409654794
"...1035",59754.1388338629
"...1036",60490.5720053614
"...1037",101131.829791183
"...1038",1159681.53951833
"...1039",89466.3358686685
"...1040",21725.3167786293
"...1041",1406.77370509522
"...1042",45100.0941519419
"...1043",6569.29970108905
"...1044",158615.062932972
"...1045",45795.5914213481
"...1046",28646.4324107758
"...1047",58928.333651636
"...1048",15155.1366132893
"...1049",52440.225897295
"...1050",176711.02216605
"...1051",14788.0831689538
"...1052",39536.9855994538
"...1053",73034.4297938613
"...1054",41752.5582488794
"...1055",92474.7612653354
"...1056",35460.7889233086
"...1057",159480.994220743
"...1058",90745.2126786452
"...1059",198354.625543629
"...1060",54876.4507064199
"...1061",479197.021479647
"...1062",22729.2830398086
"...1063",212206.267610086
"...1064",9625.13908572891
"...1065",168316.479344545
"...1066",14213.6079968334
"...1067",617.951120553186
"...1068",128978.201568323
"...1069",7652.32428522966
"...1070",86559.8658022194
"...1071",1175.95878739612
"...1072",385931.881562278
"...1073",212850.141323493
"...1074",16626.3000531958
"...1075",58617.4606505638
"...1076",22009.2323572601
"...1077",42831.3589690639
"...1078",44301.2338566932
"...1079",98115.7145057384
"...1080",71252.947066084
"...1081",505695.99523422
"...1082",26285.3759577441
"...1083",366.543385024307
"...1084",36718.3399224745
"...1085",11910.6386976576
"...1086",101371.661333862
"...1087",11027.9695644996
"...1088",307360.457084558
"...1089",77195.4733464931
"...1090",84105.2876058119
"...1091",266858.223381141
"...1092",156935.465903085
"...1093",52745.7858425108
"...1094",16676.4534095669
"...1095",2304.02267537379
"...1096",8259.10757518136
"...1097",8804.16907748597
"...1098",479621.220556753
"...1099",5099.25832624881
"...1100",494623.375772258
"...1101",19925.8803932177
"...1102",99328.5724232253
"...1103",773962.528476089
"...1104",199046.095783715
"...1105",25460.2320245097
"...1106",10498.8748908642
"...1107",59138.0215524758
"...1108",163864.919713992
"...1109",1658.3475106261
"...1110",182897.86283681
"...1111",3200.84383479075
"...1112",113990.526803324
"...1113",52188.7645913394
"...1114",29292.0989271007
"...1115",29625.7542020998
"...1116",67758.5854222998
"...1117",27685.1140625991
"...1118",17436.0990581725
"...1119",155360.198109074
"...1120",30625.4092800759
"...1121",52919.4457090984
"...1122",1193.93517254749
"...1123",19310.3547947858
"...1124",2115.14550236059
"...1125",275941.316871308
"...1126",42184.8746735642
"...1127",235519.142784808
"...1128",100776.72160586
"...1129",392.560817018915
"...1130",47522.8163736713
"...1131",26308.3250254818
"...1132",77153.8256582926
"...1133",50958.6518815531
"...1134",31472.1561930843
"...1135",14481.1098668352
"...1136",11331.9312589042
"...1137",3029.1478015272
"...1138",102193.460770566
"...1139",60274.8684942915
"...1140",1244629.46578709
"...1141",197119.474931376
"...1142",1403236.60156993
"...1143",90610.5582981705
"...1144",697310.196922545
"...1145",141973.914128137
"...1146",987033.448404452
"...1147",152970.019867496
"...1148",148408.906817154
"...1149",3187.17269300886
"...1150",170899.295099905
"...1151",769414.16367222
"...1152",8618.8616376304
"...1153",154028.359698367
"...1154",4504.21197126307
"...1155",379583.099412527
"...1156",96936.0490175266
"...1157",74970.0818087825
"...1158",121693.721211431
"...1159",1621.40259307301
"...1160",201024.58371014
"...1161",133178.912050244
"...1162",50343.6210396628
"...1163",130191.914277292
"...1164",221690.758060885
"...1165",113355.574714768
"...1166",1075977.11116503
"...1167",177002.468428523
"...1168",51172.6921061951
"...1169",867474.525975699
"...1170",57470.7890477263
"...1171",948309.87247279
"...1172",164707.860564178
"...1173",365449.976474004
"...1174",1318.09315410326
"...1175",117662.641769772
"...1176",56864.7230334973
"...1177",99310.4941765227
"...1178",25796.1733909695
"...1179",99770.263487226
"...1180",114279.718382459
"...1181",17213.2337429598
"...1182",34438.1587839646
"...1183",14198.7902062945
"...1184",31091.5781509161
"...1185",32557.1175594031
"...1186",136420.935059562
"...1187",37463.4601133896
"...1188",120132.162949367
"...1189",65336.5288541549
"...1190",221310.418353176
"...1191",10581.5846981778
"...1192",336858.457560746
"...1193",2596.03885327932
"...1194",161955.382787919
"...1195",6408.99513665215
"...1196",833698.539370484
"...1197",756.028401117354
"...1198",31493.2394337932
"...1199",57950.5953623929
"...1200",33231.4341756337
"...1201",57293.1378075919
"...1202",19877.3618735237
"...1203",54967.7183300925
"...1204",54085.0531459801
"...1205",116124.884396767
"...1206",11955.7480649487
"...1207",319293.811090173
"...1208",19562.8472911247
"...1209",87090.51911567
"...1210",764.567898580381
"...1211",1613.69995244358
"...1212",67680.0554009305
"...1213",994005.60682423
"...1214",1045464.61025269
"...1215",187175.658222378
"...1216",753936.889448255
"...1217",551644.652127666
"...1218",15255.2852148068
"...1219",254362.986662123
"...1220",91073.934133639
"...1221",225515.01090632
"...1222",19028.379212443
"...1223",9206.84889395494
"...1224",33017.163537238
"...1225",189543.359932206
"...1226",32938.6139192845
"...1227",10144.2200141933
"...1228",17943.3760854318
"...1229",158762.052006718
"...1230",49544.2736649814
"...1231",95312.4234602641
"...1232",174392.095824156
"...1233",40129.5520675011
"...1234",250654.618197398
"...1235",3582.40198738179
"...1236",25956.6082926669
"...1237",28046.093635215
"...1238",2312.96389805365
"...1239",182027.062535579
"...1240",359203.235580111
"...1241",338314.696752868
"...1242",406529.688088247
"...1243",11764.2843276231
"...1244",697960.892923789
"...1245",166296.026833624
"...1246",181914.569965542
"...1247",154524.74001509
"...1248",51999.9901709261
"...1249",103300.459535612
"...1250",309794.350855733
"...1251",35605.6095602727
"...1252",147273.966510695
"...1253",228147.539662064
"...1254",109408.959965922
"...1255",2346.94136620505
"...1256",23540.1820677987
"...1257",126184.519053765
"...1258",6002.58011108316
"...1259",27719.7130042636
"...1260",14326.4125046826
"...1261",52368.8175201642
"...1262",206577.932849834
"...1263",7225.85518306288
"...1264",86408.3892920933
"...1265",3237.52384223568
"...1266",62171.0357580921
"...1267",115324.011904131
"...1268",82153.4149523027
"...1269",6539.63860545024
"...1270",172236.745687254
"...1271",48467.3649436979
"...1272",232052.383402975
"...1273",31943.6958967705
"...1274",174813.211532611
"...1275",9541.57503115286
"...1276",2759.93279845741
"...1277",44308.4464682881
"...1278",224734.857181661
"...1279",81660.0977301207
"...1280",23762.6467999338
"...1281",84758.8642853176
"...1282",54974.2168230634
"...1283",102803.873746889
"...1284",121543.998852385
"...1285",243137.74428823
"...1286",182368.558892148
"...1287",136647.401434588
"...1288",97018.7339150315
"...1289",26385.1710000296
"...1290",295792.992618429
"...1291",135278.553896192
"...1292",191560.21867214
"...1293",4061.49518468283
"...1294",25666.6868974816
"...1295",82235.1759146358
"...1296",164986.066778893
"...1297",32809.5339943312
"...1298",3409.30921880455
"...1299",22984.6204856418
"...1300",25392.212484307
"...1301",80617.046905771
"...1302",20117.0449372859
"...1303",69199.5469297657
"...1304",297543.395420407
"...1305",571.091662922282
"...1306",116290.533949972
"...1307",537.121849290382
"...1308",10031.1130543772
"...1309",310109.322081176
"...1310",12819.1930846777
"...1311",133222.564523091
"...1312",61121.1593181962
"...1313",71498.1951036881
"...1314",13614.7573504475
"...1315",143181.972212155
"...1316",175681.864363045
"...1317",8625.23645306023
"...1318",148650.328006975
"...1319",32996.2922339274
"...1320",51558.0538321553
"...1321",95478.3095832099
"...1322",2020.90897902175
"...1323",184785.665377764
"...1324",929.561682352341
"...1325",14530.4080500248
"...1326",9220.81964090003
"...1327",38140.3718576632
"...1328",17272.7493167645
"...1329",230460.461930418
"...1330",122055.678298384
"...1331",1101.86009616547
"...1332",9038.99867690572
"...1333",42662.7552517134
"...1334",26444.0495268103
"...1335",81281.9307204024
"...1336",41418.2872203048
"...1337",18622.7547045576
"...1338",107420.115297422
"...1339",15478.3262465103
"...1340",7932.32796897729
"...1341",29927.337346769
"...1342",11144.1155785609
"...1343",106799.170278661
"...1344",56196.1789156861
"...1345",1868.4199995393
"...1346",28637.4596601647
"...1347",47978.7299469897
"...1348",112215.629662475
"...1349",47564.0972132454
"...1350",186342.173301721
"...1351",71735.0215329902
"...1352",8782.73299036733
"...1353",727087.033630958
"...1354",597.527568906584
"...1355",38741.7641393248
"...1356",31323.1704286395
"...1357",198330.706797589
"...1358",36128.2854992244
"...1359",4883.99079661944
"...1360",122789.033707695
"...1361",1803.41578340305
"...1362",927.84658963617
"...1363",11569.9158264
"...1364",91760.2697273007
"...1365",196837.798932556
"...1366",16022.6667778958
"...1367",1252.92680079984
"...1368",1258.87164379588
"...1369",233168.909374456
"...1370",83031.7694171698
"...1371",128312.75922211
"...1372",10625.7416721447
"...1373",6460.78514260931
"...1374",141155.144202475
"...1375",5970.73242392663
"...1376",5476.32065576125
"...1377",34205.8677973784
"...1378",5358.89400748818
"...1379",52813.7300399663
"...1380",84297.1218632909
"...1381",861174.993648918
"...1382",121839.412529209
"...1383",42393.1067324349
"...1384",318251.060488815
"...1385",8056.37018809257
"...1386",2720.54018798357
"...1387",30940.4458532236
"...1388",25312.4156286455
"...1389",10338.7011082103
"...1390",148914.445566686
"...1391",4300.80909260828
"...1392",13436.2817014275
"...1393",274162.475501437
"...1394",120214.341682597
"...1395",313472.59722573
"...1396",15833.1258470491
"...1397",3107.50344949542
"...1398",209819.048105335
"...1399",27350.6429312728
"...1400",135137.526353944
"...1401",227178.8873474
"...1402",7744.89453196975
"...1403",76548.8002469312
"...1404",209833.849964787
"...1405",7426.43905422952
"...1406",120069.407787754
"...1407",157682.223319205
"...1408",77066.3323240234
"...1409",216634.498458196
"...1410",52168.7950678243
"...1411",6379.12896082017
"...1412",922.426119193024
"...1413",257998.625654607
"...1414",66120.3148299342
"...1415",24686.2131293976
"...1416",595946.80328551
"...1417",39354.4420379046
"...1418",1628.58456495597
"...1419",15775.8783510409
"...1420",4395.386582005
"...1421",361398.51481888
"...1422",20717.0578183534
"...1423",45581.5789006213
"...1424",22952.7612891997
"...1425",41396.698494413
"...1426",1138.92149125867
"...1427",109965.928578236
"...1428",101812.033819071
"...1429",238883.329413379
"...1430",20122.1259208847
"...1431",30975.8094140476
"...1432",67595.6114587868
"...1433",59351.3145010511
"...1434",1430415.71590363
"...1435",68193.5148198197
"...1436",28857.8229711645
"...1437",20376.6311903519
"...1438",5224.71404921813
"...1439",244829.224799117
"...1440",1722.21099636387
"...1441",90386.0491188927
"...1442",1003.16596532424
"...1443",182300.954299776
"...1444",629607.819608523
"...1445",14668.195533146
"...1446",79096.2645209523
"...1447",167148.591048568
"...1448",331989.540277746
"...1449",459924.620029556
"...1450",163401.136990364
"...1451",115984.277846889
"...1452",132753.645004946
"...1453",967.233397247741
"...1454",8166.41692073428
"...1455",80552.2773877344
"...1456",61125.3004880776
"...1457",95008.0400636794
"...1458",129525.403321543
"...1459",13607.1835470367
"...1460",66021.3429540703
"...1461",119943.852086522
"...1462",217842.465661839
"...1463",1259304.38652558
"...1464",40147.3941891707
"...1465",44050.3898071121
"...1466",24273.5079214588
"...1467",6767.29540088739
"...1468",77636.3930463942
"...1469",1315.09741525031
"...1470",167814.294599095
"...1471",45367.9625046267
"...1472",28500.2272673825
"...1473",2173.69882026894
"...1474",19948.7135954132
"...1475",119332.587695659
"...1476",2721.04100483223
"...1477",15108.4698308247
"...1478",1944.09872438066
"...1479",57987.4330251049
"...1480",14678.228132243
"...1481",604.972097956634
"...1482",9060.31149582839
"...1483",84682.4348174806
"...1484",25556.7515272422
"...1485",42770.7726041976
"...1486",79292.9354035931
"...1487",79927.5444440838
"...1488",1264.46433423475
"...1489",52687.4685853829
"...1490",16213.1262809188
"...1491",65751.7304233586
"...1492",24006.2889221906
"...1493",224916.538326388
"...1494",67626.6024934792
"...1495",10053.4175794314
"...1496",111994.900016843
"...1497",196362.428082812
"...1498",95864.9908969667
"...1499",60916.2312066757
"...1500",17332.5879947062
"...1501",1089.34645645859
"...1502",2296.15278637333
"...1503",39121.9951678323
"...1504",21907.8742804519
"...1505",9332.78272012922
"...1506",186874.33384193
"...1507",41983.1925351315
"...1508",99133.3495119039
"...1509",5379.32738687701
"...1510",298153.676861776
"...1511",675.863763758954
"...1512",1436.57397068071
"...1513",10882.8647322823
"...1514",24466.04144704
"...1515",10313.760547402
"...1516",39607.5578102972
"...1517",498423.319696573
"...1518",91950.2334208472
"...1519",741.578554041091
"...1520",15454.7084385165
"...1521",13337.2114160788
"...1522",141195.991697022
"...1523",302018.591489001
"...1524",270476.192823993
"...1525",149537.293199054
"...1526",230401.822670066
"...1527",51659.5745564835
"...1528",119603.568306921
"...1529",119790.73093918
"...1530",2752.08129896861
"...1531",902417.512162926
"...1532",469137.042485329
"...1533",50906.2835846708
"...1534",112317.798868494
"...1535",61637.8813444423
"...1536",25490.0896164973
"...1537",12818.3658609734
"...1538",37624.4674751291
"...1539",86840.8395656537
"...1540",10145.4802116432
"...1541",32013.0996358294
"...1542",40582.9463158418
"...1543",28077.3485818761
"...1544",31406.0218286537
"...1545",25790.3765843808
"...1546",61201.7063786472
"...1547",25669.1034193208
"...1548",32888.9314943253
"...1549",14992.6317052882
"...1550",9776.52039037164
"...1551",6631.34849904499
"...1552",13731.675604308
"...1553",3801.73932461523
"...1554",95238.34724633
"...1555",105000.514941216
"...1556",76928.8956055372
"...1557",28448.2758492919
"...1558",104855.227281673
"...1559",22301.1770262817
"...1560",1608.87713786263
"...1561",62200.486204164
"...1562",1440.20020590182
"...1563",16348.1223402182
"...1564",64018.9364317965
"...1565",229866.480030452
"...1566",102053.556380975
"...1567",50363.470988298
"...1568",25654.0909479119
"...1569",125332.590138001
"...1570",73938.8929411263
"...1571",82663.7326027794
"...1572",15051.5090501302
"...1573",31470.626392593
"...1574",4783.29677561269
"...1575",18858.3798546641
"...1576",30896.1484363102
"...1577",12841.0214787663
"...1578",60670.0003139462
"...1579",65010.8771320028
"...1580",60571.79571003
"...1581",11011.3668226985
"...1582",175212.389442418
"...1583",1750.76521371391
"...1584",8368.27536623399
"...1585",94393.7308012676
"...1586",55266.4909538077
"...1587",14173.8185507619
"...1588",19392.0168908521
"...1589",32672.2186599146
"...1590",37827.0070115145
"...1591",65999.9635113078
"...1592",17346.4012762251
"...1593",13923.4588135027
"...1594",139509.453490064
"...1595",1469.21057225279
"...1596",73635.1094569986
"...1597",107963.617901797
"...1598",63115.8089343805
"...1599",42382.4433455553
"...1600",60766.3307412124
"...1601",37834.0682419788
"...1602",21358.0783776646
"...1603",19892.6047290649
"...1604",120897.807590944
"...1605",24104.9022597387
"...1606",48738.5371273274
"...1607",15503.2385886922
"...1608",37766.2243363574
"...1609",9261.1870004473
"...1610",18990.5415408513
"...1611",4125.82983731518
"...1612",48893.4599688794
"...1613",23669.7597598972
"...1614",35238.5390302921
"...1615",12928.9836501445
"...1616",73464.8611434543
"...1617",28492.4674852875
"...1618",31230.5512470205
"...1619",17470.2664773088
"...1620",6841.70645024834
"...1621",3821.23651631635
"...1622",14487.5270300535
"...1623",23093.8328738356
"...1624",10224.4530458221
"...1625",15214.6012450627
"...1626",71722.8966264353
"...1627",2003.92804825697
"...1628",46252.6895530845
"...1629",80791.0326077582
"...1630",10437.9935256668
"...1631",79541.3079876231
"...1632",116604.237383994
"...1633",35800.3580683056
"...1634",41823.2344317265
"...1635",112719.582035056
"...1636",40375.2751022716
"...1637",25437.4811913531
"...1638",1436.76152358352
"...1639",98930.8609921155
"...1640",27774.045834604
"...1641",5371.35246924088
"...1642",45358.9106623741
"...1643",11567.8666670345
"...1644",6773.88849632323
"...1645",52469.3258062689
"...1646",17393.9972445229
"...1647",103810.257154153
"...1648",195507.17990025
"...1649",53004.8070297848
"...1650",29837.4698240908
"...1651",181135.525894673
"...1652",24004.4514549971
"...1653",196724.613887964
"...1654",87680.3770445356
"...1655",180155.379088292
"...1656",45630.1155112215
"...1657",52228.2518486873
"...1658",6505.59629928172
"...1659",3988.02123927553
"...1660",101168.721638918
"...1661",42036.192557793
"...1662",77593.9277102507
"...1663",708.222941308205
"...1664",69575.9899024134
"...1665",169386.688159507
"...1666",27141.2887954189
"...1667",264878.692461423
"...1668",6634.97536467518
"...1669",5481.00243120643
"...1670",14336.7758996788
"...1671",69779.4117986963
"...1672",59723.5135467073
"...1673",88152.5392088556
"...1674",37543.8637893568
"...1675",50371.0173839117
"...1676",55871.7796487901
"...1677",5510.04113816016
"...1678",17672.3932433984
"...1679",129784.50658507
"...1680",17062.4113999243
"...1681",21216.5853966587
"...1682",15214.1324659679
"...1683",1304.65723767747
"...1684",18447.8791332592
"...1685",160942.910833397
"...1686",244577.448984961
"...1687",945.094292160467
"...1688",87137.1755536319
"...1689",51115.6449591009
"...1690",10968.6498565842
"...1691",3174.9126017919
"...1692",20737.9683495963
"...1693",125559.064657397
"...1694",1355.34066781809
"...1695",608.231717189238
"...1696",6294.03593545679
"...1697",13889.9011704213
"...1698",51212.0228268811
"...1699",1494.28626564488
"...1700",1910.89943306731
"...1701",64699.0271959428
"...1702",41035.0143980135
"...1703",85113.3144353441
"...1704",98106.7962784696
"...1705",130722.964984889
"...1706",8807.74613866124
"...1707",45303.6876759979
"...1708",15652.2714037763
"...1709",20594.1304391698
"...1710",4143.27717247926
"...1711",18481.6410920693
"...1712",1348.68311587247
"...1713",1351.94617850848
"...1714",4111.8297239387
"...1715",4033.27272755671
"...1716",10038.3527717231
"...1717",39438.5209664124
"...1718",245462.453069124
"...1719",116537.585083427
"...1720",6493.23949322372
"...1721",29466.9388134152
"...1722",18394.362896743
"...1723",11628.1567093541
"...1724",19325.6273775688
"...1725",9651.72148434757
"...1726",23199.2951163159
"...1727",2627.60213643322
"...1728",1179.84391378108
"...1729",5244.35354607122
"...1730",38141.5377223317
"...1731",3675.31379073979
"...1732",18184.8316790789
"...1733",1697.64552859749
"...1734",10200.916224642
"...1735",247.25291123932
"...1736",19539.3392435011
"...1737",21753.2411501431
"...1738",4548.06382343703
"...1739",34028.467541164
"...1740",4995.33319688725
"...1741",5080.17185053581
"...1742",15525.4736176858
"...1743",304.964462311327
"...1744",22994.2589635761
"...1745",6373.47175306976
"...1746",52966.1928936029
"...1747",58753.4119852507
"...1748",3829.54643186657
"...1749",273555.053048862
"...1750",14794.5047122076
"...1751",14234.1806959104
"...1752",2403.49440991049
"...1753",184.203417720206
"...1754",38322.685485491
"...1755",6856.21406138358
"...1756",44396.1229043899
"...1757",32191.0535283525
"...1758",6981.26806374778
"...1759",480.230973287962
"...1760",31091.0313797108
"...1761",24141.7859213923
"...1762",8658.99648375481
"...1763",6090.27619812965
"...1764",10723.4733173147
"...1765",8456.06500229701
"...1766",2271.83252636406
"...1767",4576.73021121156
"...1768",3578.97466204255
"...1769",288.94396620656
"...1770",15507.4783778601
"...1771",15161.5543368176
"...1772",1820.82983102023
"...1773",26158.2810802069
"...1774",705.008594571033
"...1775",2768.16395261019
"...1776",688.120643495118
"...1777",811.71019978028
"...1778",3793.10827865236
"...1779",20079.7137538976
"...1780",8851.43381419797
"...1781",7455.01266135718
"...1782",21240.3195919311
"...1783",22243.165689268
"...1784",19553.59157514
"...1785",3420.51452711834
"...1786",27604.0050923384
"...1787",35924.4240036337
"...1788",10492.6614957387
"...1789",13969.9229243071
"...1790",15044.8763089538
"...1791",655517.773555873
"...1792",9074.15839203879
"...1793",301927.786869339
"...1794",119474.730579377
"...1795",2834.76078357885
"...1796",252404.484799
"...1797",15447.0967382577
"...1798",12017.152589627
"...1799",355839.576231658
"...1800",12326.954714838
"...1801",1834.72657426772
"...1802",18431.6050927016
"...1803",5693.27061038589
"...1804",12238.4100734546
"...1805",95.2587290039248
"...1806",1022.61795033683
"...1807",3783.7750482257
"...1808",7335.9369289695
"...1809",8707.39274049191
"...1810",10942.3548295366
"...1811",203673.830219024
"...1812",28347.3057817335
"...1813",39853.4374819794
"...1814",10022.1025514046
"...1815",651934.127138935
"...1816",67966.2228429887
"...1817",736166.853465274
"...1818",39909.5662515425
"...1819",3828.68510366712
"...1820",53.3176451356211
"...1821",76917.8434590538
"...1822",24147.1760710317
"...1823",1378.32748338075
"...1824",1843.17251252803
"...1825",20261.6195036221
"...1826",12934.3175549741
"...1827",75157.0155799912
"...1828",44939.3697774437
"...1829",52646.9888613861
"...1830",27077.2289379624
"...1831",10215.5016174493
"...1832",92940.6875151701
"...1833",89780.4168423204
"...1834",42827.4438604602
"...1835",140988.709369677
"...1836",3823.77453097235
"...1837",575.429075410272
"...1838",99125.3063468261
"...1839",1267.36679670208
"...1840",31859.6702815598
"...1841",393481.942437735
"...1842",41319.6884102155
"...1843",11439.9672821882
"...1844",3158.66284271314
"...1845",46499.3232512632
"...1846",437033.754041651
"...1847",1196.4028792339
"...1848",3451.98661614711
"...1849",410425.164675131
"...1850",4753.07482523274
"...1851",5174.8687254073
"...1852",33348.5563328142
"...1853",2671.00933610407
"...1854",1551.49314118322
"...1855",120131.710827672
"...1856",20974.9461478858
"...1857",2963.07970778371
"...1858",3437.97590090167
"...1859",112867.096586559
"...1860",30914.4795985904
"...1861",136981.599366371
"...1862",52404.3845750864
"...1863",128909.059253297
"...1864",27251.9055051388
"...1865",1464.77771869632
"...1866",106054.117908824
"...1867",8787.8250758596
"...1868",5352.53445309382
"...1869",3355.49635632767
"...1870",413.647325059844
"...1871",3640.51845144333
"...1872",9169.90307062571
"...1873",7492.02463667513
"...1874",4316.40884086213
"...1875",19395.203488293
"...1876",4297.46251647454
"...1877",1619.64246219696
"...1878",967.658786011075
"...1879",8085.29543169021
"...1880",1541.53728038454
"...1881",99.7426456767074
"...1882",25948.7015410078
"...1883",40475.6639505209
"...1884",18674.452426379
"...1885",453.685270735605
"...1886",763.304474897296
"...1887",227.051237596431
"...1888",36000.7082047444
"...1889",2111.24209452404
"...1890",3865.0102701411
"...1891",31795.9345229065
"...1892",190218.065218946
"...1893",4000.41873659644
"...1894",954.083197682925
"...1895",1734097.30317651
"...1896",134794.921114553
"...1897",411823.749387524
"...1898",95658.8245666715
"...1899",15513.7299398757
"...1900",29938.4676674076
"...1901",49981.6358525375
"...1902",312153.837879368
