"","FIPS","1","2","3","4","5","6","7","8","9","10","11","12","13","14","15","16","17","18","19"
"288",10001,344325.475747761,6018.22283024246,134401.66484421,194.516754779848,39166.3039587081,790.570692144018,0,0,642.783345836713,5592.24593855266,25753.9388190362,250895.061672017,0,0,0,0,1281.43296069701,232.987811035821,46046.2232206522
"289",10003,128531.202897838,3985.24988641085,46597.2504488772,0,10149.4482756369,0,0,0,0,5235.54290378266,35669.5380025928,82208.9439842466,0,0,0,0,478.338465992509,86.9706301804566,17188.3199946215
"290",10005,696005.031010765,8515.07980466518,158757.51207348,303.44248847885,35025.0839548505,523.13362238295,81.6552882261112,0,1313.17317315452,5190.71137482249,14123.2253166643,316635.213588698,0,0,0,0,2590.23467726652,470.951759503005,93075.8984679254
"291",11001,0,0,0,0,0,0,0,0,0,0,0,0,0,0,0,0,0,0,0
"1160",24001,3791.03864571194,1458.19089982351,3878.93161221208,35.5826437243779,1244.34035451981,0,0,1470.41856521872,268.603603599787,4808.66878020544,49097.0379341998,5370.77523438933,0,0,0,0,14.1086333078944,2.56520605598081,506.970944683887
"1161",24003,18384.3956019595,376.875355105819,7029.08058543241,39.0912079149431,421.480633225746,0,0,0,68.9097867383599,2222.0844788951,26026.1791871021,12291.362412794,0,0,0,0,68.4189005640178,12.4398001025487,2458.52265745431
"1162",24005,114496.078167029,6524.57844044008,31386.3713059404,135.582096148124,4410.1081284655,841.829109364009,0,0,0,9983.78657973744,60174.1960215043,52400.341213054,0,0,0,0,426.105701633455,77.473763933356,15311.4199921426
"1163",24009,15215.5941938503,0,11678.9267371573,0,121.724138679916,2354.39906746231,0,1404.91860648115,59.9308192683623,619.844617797053,14368.2416479237,5131.533453469,0,0,0,0,56.6259695837119,10.2956308334022,2034.76273477405
"1164",24011,215350.771304401,2822.30456292838,114356.984634854,0,19761.7839502473,6449.20218649204,0,0,987.864364350327,5136.13386130577,13790.4870890282,173996.180662505,0,0,0,0,801.443970596993,145.71708556309,28798.5943087354
"1165",24013,194430.734863626,37049.8465165189,57109.2949561855,92.8755991961152,9963.35026261652,94.4345943803993,158.542570153935,0,230.05401234241,21164.3800630201,156958.671761918,100623.392035238,0,0,0,0,723.588493374536,131.561544249916,26000.9835143435
"1166",24015,97036.5603454066,13773.0613599511,30491.7676109365,0,8694.17840502205,265.203386075598,50.3636172537231,6058.74618322473,258.453138014294,10042.2624870768,47732.8112008916,65889.5820841855,0,0,0,0,361.128802767878,65.6597823214324,12976.5801049879
"1167",24017,22462.9748907148,117.504703578011,38377.1091553526,69.8220392900403,2020.42160762988,4950.11680786158,0,0,123.081943325543,2253.27162947608,25502.8727018199,28943.007984493,0,0,0,0,83.5976378389092,15.1995705161653,3003.94605938329
"1168",24019,156499.893932458,0,97720.2970211785,0,2407.10728579888,6642.53787633841,0,0,459.229670112397,298.227127430658,3738.76772143866,171596.245828751,0,0,0,0,582.426037443563,105.895643171557,20928.5387157974
"1169",24021,171778.208040626,92381.8204278802,89037.2461311366,377.984658869952,9775.75904117066,0,129.840773620968,0,888.008487641704,40451.6835004473,189092.109872632,146468.650984185,0,0,0,0,639.285423870231,116.233713430952,22971.6889077259
"1170",24023,40029.6912909919,13879.2403089674,711.099871321214,1447.01156066911,414.890726204783,0,39.3680606879309,0,202.026768074939,28738.9592603766,100293.351595486,9767.62196961616,0,0,0,0,148.973484216951,27.0860880394458,5353.12148087782
"1171",24025,107581.145143494,13715.4887742623,28858.6377110815,0,9456.54426222451,0,0,0,245.041515717336,6085.39275711447,51870.8647954936,54874.2251790958,0,0,0,0,400.371262210616,72.794774947385,14386.6944868163
"1172",24027,29067.4496929536,2047.60204347385,6071.95567616487,0,522.62294889832,0,0,0,84.5140577371156,6293.9568266248,32209.0604351771,11693.0150552113,0,0,0,0,108.176683816562,19.6684879666478,3887.15436785547
"1173",24029,254074.945972502,24465.51747911,119044.09090417,0,6659.54366534278,530.591430486895,0,12121.7110078597,517.086234237377,9221.65058741465,10314.8850567199,170566.598164772,0,0,0,0,945.558877249573,171.919795863559,33977.1306541238
"1174",24031,75245.7630224765,2060.81542379588,49015.729800629,0,0,236.707689219027,0,5407.74320350087,0,3188.8861469056,61323.6553533382,58097.8363648623,0,0,0,0,280.032723923203,50.9150407133096,10062.5235266629
"1175",24033,17336.3626113808,458.849824139556,13070.6327273883,0,513.157233058025,4465.31001860328,0,0,1226.87183014607,1013.58239388197,15187.9876450999,9459.70948093575,0,0,0,0,64.5185675575538,11.730648646828,2318.37049205907
"1176",24035,339988.234820335,12346.0162851724,108111.358919068,0,11500.1935564721,660.012626663743,0,15078.423552025,292.479479475324,4331.11553693413,13708.8149786084,217433.357839395,0,0,0,0,1265.29159482561,230.053017241022,45466.2093152845
"1177",24037,49003.3510638262,905.116552058735,30824.0412503777,592.021162415027,1653.2582470229,907.93332543029,0,0,0,4502.64486512954,27765.4926497455,47781.5146189453,0,0,0,0,182.369628914111,33.1581143480203,6553.15798735116
"1178",24039,82832.4095506862,0,50273.0106692833,102.030443639724,5175.95813866061,184.556287673204,0,4216.31005575248,179.858758197799,144.609447580265,3426.63129820039,75137.6104331474,0,0,0,0,308.266995294767,56.0485445990487,11077.0764544575
"1179",24041,165817.174590449,2100.6443320636,84865.827106742,217.888283825268,11206.1421046951,3669.37952515658,0,9004.02398883082,0,1105.19464871361,5015.27255836998,138906.621072224,0,0,0,0,617.10099291494,112.200180529989,22174.5272214565
"1180",24043,104074.398699048,86350.3842173157,46704.7905461388,114.660032934261,9073.72986515847,1180.6025821773,1672.80427713555,0,389.415356587766,23115.5261712429,99273.9626617277,72405.8793514151,0,0,0,0,387.320643551161,70.4219351911203,13917.741589246
"1181",24045,139408.806523852,1698.775181502,21380.1802594919,176.204606964003,1186.54765805434,1894.22184133297,0,7281.48609091208,2601.72434931239,2477.4292742769,13805.6115539207,73949.6197118954,0,0,0,0,518.820279862078,94.3309599749237,18642.9685755361
"1182",24047,176127.550306101,1853.73671332786,33578.4931878691,0,1728.30579640438,347.799115862624,0,7945.70007926266,0,272.518691440394,5629.89827945927,113360.747096155,0,0,0,0,655.471825774505,119.176695595365,23553.3211101769
"1183",24510,0,0,0,0,0,0,0,0,0,0,0,0,0,0,0,0,0,0,0
"1796",36003,48644.3447016801,54500.9466703938,12704.797916654,4400.4069891374,265.805617358178,0,132.584338447096,19079.2784453554,481.840034452316,31142.3190520236,140860.191330286,2498.04625314546,0,0,0,0,181.033559938805,32.9151927161466,6505.14850721289
"1798",36007,7256.91183922245,37640.2014730494,0,58.1987952711454,0,0,0,7195.94171658204,151.960001666176,6904.05545986529,46447.2316850248,1316.35952144617,0,0,0,0,27.0071391129488,4.91038892962705,970.457912577514
"1802",36015,30246.1699950383,13904.7232567313,195.996020733448,1236.31524060797,0,0,0,0,1048.79758924102,12886.1407806802,47345.6248996423,3739.8624727579,0,0,0,0,112.563379408151,20.4660689833002,4044.78318700295
"1803",36017,20760.1131532723,73409.7658176521,0,1202.08255901946,111.161071670437,0,115.196963502121,16577.1837643811,418.650569990306,29132.6970364615,114652.518564474,2450.90542211049,0,0,0,0,77.2603107702981,14.0473292309634,2776.22444945623
"1806",36023,29946.4566196203,72829.7928028032,1210.90871262032,483.293497596957,332.487742727693,0,0,12577.3593809568,291.609004834028,25836.6050594338,67449.0636348214,5171.07759992588,0,0,0,0,111.447973708969,20.2632679470853,4004.70288519912
"1807",36025,11703.3860835588,34964.4919578393,380.474402845013,118.079596430907,20.4624858298814,0,0,0,368.713838319023,16365.4572673713,123406.558844282,2158.24233076637,0,0,0,0,43.5550249271167,7.91909544129395,1565.07945533429
"1816",36043,20415.95681068,71701.9364110304,639.015527603165,1632.66550712501,324.911092569063,0,103.889341116555,14949.9834587037,377.556235443327,52478.2284432392,75080.8686196027,5727.64578672427,0,0,0,0,75.9795072512643,13.8144558638663,2730.20084420484
"1820",36051,181442.822088661,202729.119029314,81317.6354245304,3346.29325124558,0,0,0,0,1466.12800298217,62204.7210306835,77506.8327883679,56078.5097769536,0,0,0,0,675.253006479893,122.773273905435,24264.1258812925
"1821",36053,74899.4291529785,100660.947012509,6633.65420431078,2296.84760629764,3165.32534181962,0,157.605778306882,22679.9376467366,974.434184170338,62066.3280499804,107740.638108578,17365.5819684516,0,0,0,0,278.743816575243,50.6806939227717,10016.2087234113
"1823",36057,39884.7608116926,70744.9101505637,1182.48997886414,2580.14249682988,63.0465779623372,197.986942911399,126.278911689932,0,1172.77804886555,65845.8208610134,77760.9237985628,11468.4520122456,0,0,0,0,148.434114619681,26.9880208399421,5333.74010577974
"1827",36065,83302.2556020502,93480.8905268086,6580.96677410883,4245.82503633926,357.211972331475,279.357153571815,0,0,647.537214471442,59852.0403587306,85389.7038903657,24211.447261218,0,0,0,0,310.015562447296,56.3664658995085,11139.9083901819
"1828",36067,95584.2926879347,160535.020409567,28629.8443497937,3201.72824788954,1849.1450708322,0,169.074810052433,0,2624.23233646588,43985.577500655,29002.6738779562,27366.5406068982,0,0,0,0,355.724080273857,64.6771055043377,12782.3701337772
"1829",36069,172258.977423681,200456.889520366,75868.2755631316,2562.05363667231,587.715775443647,383.833729702553,244.81465769395,35229.5533270017,6008.76209534337,45909.4348521195,69642.1110442413,77715.5245344424,0,0,0,0,641.074643017037,116.559026003098,23035.9816071892
"1833",36077,35907.1687953358,34747.414995406,210.479066200506,2340.22196990127,244.106832727877,190.903427769245,0,0,323.940920082151,34537.8200715283,138960.558539782,5201.78529045235,0,0,0,0,133.63120901737,24.2965834577038,4801.82160782921
"1842",36095,25037.3471507226,35706.328881633,0,205.785097276418,237.364835626624,0,374.962186514632,0,170.364322653569,37412.8855157127,131098.861688634,1844.96818183532,0,0,0,0,93.1783563724819,16.9415193404513,3348.21370173515
"1843",36097,20095.2892009396,38879.4277846794,7049.74055378215,890.001095333243,145.108000503383,0,0,0,263.045020104445,21218.9575765369,46755.7707688328,7007.68994760434,0,0,0,0,74.7861188048911,13.5974761463439,2687.3183583659
"1845",36101,181500.651491732,197822.707771882,31792.3532167429,19259.9193488978,4224.01011544509,148.883369518648,63.5071090673431,0,3047.15865861537,82297.0427924823,271638.414363198,15540.6677885927,0,0,0,0,675.468222920182,122.812404167306,24271.8593363808
"1848",36107,23625.5243782374,42857.1271680491,307.400450362236,1284.94120877348,164.334885476131,0,81.9705478431329,0,297.898621054481,16786.4838002145,85828.3133722496,3884.83619537946,0,0,0,0,87.924152537009,15.9862095521835,3159.41237534864
"1849",36109,24986.3716028309,60666.4043099389,6786.39362097491,943.343782410802,186.024681380405,114.002122945707,0,13352.6775281901,3770.52308553202,24390.3009512407,78426.4002538351,7555.76303634324,0,0,0,0,92.9886470658558,16.9070267392466,3341.39680428687
"1856",36123,66756.9064120473,52048.4489013379,28968.1626087958,1247.45058731787,2493.49215841044,0,109.223219495253,0,2027.95720717839,44420.2484118775,39556.5254799784,19247.9425081388,0,0,0,0,248.440810383806,45.1710564334195,8927.31915201402
"2211",42001,132685.388776533,36049.8767700057,47759.9826414155,390.612402273503,3702.10611875159,3958.89387171199,355.81997278866,0,1185.08904736388,16098.4172905216,185099.251140999,95540.4684856674,0,0,0,0,493.798578835631,89.7815597882969,17743.8541730179
"2215",42009,100501.326926883,117899.217361911,12085.0890843646,5466.04508148445,5513.42324280638,370.08151851778,997.421936380364,0,1548.57438686489,68453.8463283482,151565.287581234,29350.0067398835,0,0,0,0,374.023190233643,68.0042164061171,13439.9190870126
"2216",42011,277354.029389755,181242.274999941,49263.0178934089,2139.25084347324,11360.1637885768,1135.25696163248,430.812410091586,0,4836.85452111913,111176.344230473,175846.103519736,134046.032343177,0,0,0,0,1032.19372388966,187.671586161757,37090.2139050078
"2217",42013,62185.8490709733,110994.282330773,3310.73737349335,784.434118445931,1988.95362266447,0,0,0,353.080128653348,41660.1855854604,30267.0791429735,13238.3569505717,0,0,0,0,231.429279275433,42.0780507773515,8316.03726465323
"2218",42015,77543.4465768069,86835.50403771,3485.67046794804,2495.97094593539,99.5472283615851,0,488.689456298349,0,2674.59551214084,61419.194675425,381656.796884594,17908.3630288911,0,0,0,0,288.583724784746,52.4697681426812,10369.7899280332
"2221",42021,48336.742253374,25495.6892377879,8454.79883796848,6064.19311588834,729.238751764367,0,155.38973495201,0,821.10629378213,25368.797800719,28170.8283088659,24907.4882464847,0,0,0,0,179.888794465979,32.7070535392691,6464.0132093754
"2222",42023,675.711586861404,0,50.3625836554908,178.651807040066,15.552445957239,0,0,0,0,699.761691160824,3599.62264442719,79.3804244901971,0,0,0,0,2.5147111100295,0.457220201823547,90.3620810915375
"2223",42025,7469.59553273611,3257.09824937924,433.949553546694,583.219862177069,140.304056194128,0,0,0,416.0868785393,6128.27508916332,14446.8888653649,1839.11909792552,0,0,0,0,27.7986573544593,5.05430133717446,998.899841847067
"2224",42027,91569.7184113428,62852.746846794,17993.5693777797,2897.4269391098,889.399181395006,0,449.279016274289,0,2365.95007504146,67143.9860039468,102828.211911477,38572.6194266182,0,0,0,0,340.783542429482,61.9606440780881,12245.5060435603
"2225",42029,178850.672641784,94302.4796389745,39923.2687080934,647.649269996366,4371.45062145175,157.73419844777,0,0,6606.28075983273,57187.4881809678,171520.506560466,62971.4462688038,0,0,0,0,665.606128818378,121.019296148797,23917.4809175616
"2227",42033,16305.4642587489,6383.95032129852,1211.45002183472,2695.19153750946,332.021156874994,0,81.9875240460222,0,196.153517715943,24731.4104107202,51395.9565978675,1795.52949640721,0,0,0,0,60.6820023852498,11.0330913427727,2180.5097207641
"2228",42035,31782.3259841243,27294.5965873437,9090.47629208281,277.60565225687,284.174892349522,0,0,0,3080.2366949846,15002.9686263645,14955.0708857546,14932.6415897783,0,0,0,0,118.280298590247,21.5055088345905,4250.21144182951
"2229",42037,106796.485817021,10047.36001558,26828.7281570689,2646.61419531212,845.487516584446,0,0,0,1382.06502333705,16934.6227654742,61099.8132729284,47764.4547908752,0,0,0,0,397.451093955054,72.2638352645555,14281.7629582372
"2231",42041,187048.490287256,161924.31296914,51955.2192712439,1654.49856683132,12291.981150057,802.694052233394,466.619609884876,0,473.786911905181,58883.2894938087,161326.617222887,110496.924202793,0,0,0,0,696.114919124638,126.566348931753,25013.7650086701
"2232",42043,87723.5276497399,32148.1543234876,21259.2878682751,1328.26694640894,2568.53970779193,94.494049041735,167.564217397498,0,913.127898719094,19591.3781555918,74512.1887396428,43496.0858076958,0,0,0,0,326.469656405387,59.3581193464342,11731.1596741162
"2234",42047,3001.98856826544,2951.77478265244,0,308.531768010131,100.084059934188,0,0,0,59.1282814871208,6781.25605445267,22096.8432080173,0,0,0,0,0,11.1721245448275,2.03129537178683,401.452246366631
"2238",42055,245053.166424768,354362.568259796,62318.7646174013,1049.68877478876,27198.5149490152,3060.6592343532,6364.67346262855,0,825.707374028977,114217.091412119,236812.82150161,102787.483449915,0,0,0,0,911.983651218147,165.815209312391,32770.659149219
"2239",42057,28977.0644777845,40013.8908666133,5035.61918518966,2519.2141587185,2997.1458299043,474.172262864103,914.547411072625,0,1374.72816564613,19312.6429972742,127819.877699929,3700.59005222064,0,0,0,0,107.840308491368,19.6073288166125,3875.06726397657
"2241",42061,51335.9107458107,90429.0715788608,6548.30778483983,1775.28547175443,1058.24234149941,557.376797372239,932.563612226481,0,532.854833993098,53193.5837096905,89675.9772409147,11502.2235086296,0,0,0,0,191.050423888101,34.7364407069277,6865.08833046302
"2242",42063,110626.041700951,44756.0786829001,7047.93618973414,8630.96347147269,1019.36000640804,141.949144527534,0,0,3044.92029525203,39985.8254386439,85897.8859107554,57693.6925194752,0,0,0,0,411.703072040153,74.8551040073008,14793.884765909
"2243",42065,33812.0666375629,6477.85970287292,3834.54425663099,5047.32686961128,730.28952806374,69.5538726645019,123.338351548942,0,295.084548620229,31670.5514149891,55422.0891522647,11264.5000268668,0,0,0,0,125.834129945114,22.8789327172935,4521.64616795687
"2244",42067,57538.5068938739,48542.1840516005,13714.7004743259,1479.93134111715,1104.97423481359,83.1165198625272,674.481530697492,0,1194.41556137776,38913.7671374226,54484.3723289265,26374.4941966247,0,0,0,0,214.133848455393,38.93342699189,7694.55389980855
"2245",42069,7225.99809659357,7456.59365958294,703.272552478465,0,0,0,0,0,0,6381.67068763381,41513.6312370746,235.463526732391,0,0,0,0,26.8920913121518,4.88947114766398,966.323855721617
"2246",42071,636022.553591089,557340.381983028,107632.841573535,2222.64437887708,25205.7453492636,349.960994579975,230.832577283783,0,11085.6189104197,209983.084861764,164536.028673086,170824.375648511,0,0,0,0,2367.00541006544,430.364620011899,85054.5153896156
"2248",42075,145313.367063129,136848.620463016,27121.1253510491,527.202746850407,8796.26961810844,1732.44942582456,229.307451197432,0,4212.59984979,29623.894658112,72591.3816982888,58559.4265700776,0,0,0,0,540.794542663951,98.3262804843552,19432.5782087501
"2250",42079,26223.0997937978,2832.38245331414,5632.86368508135,1177.08881138239,0,0,0,0,1313.79494075544,9044.27366848531,34160.1164063162,9664.98447338935,0,0,0,0,97.5912233460065,17.7438587901831,3506.78294721127
"2251",42081,75877.5670995996,15218.9826923327,6701.1374197064,2964.09314146471,319.933731150982,164.835159109931,208.870081099244,0,768.504754743837,23111.6277774203,91651.2323558818,31039.2082466447,0,0,0,0,282.384029958197,51.3425509014905,10147.0139103726
"2252",42083,1301.87551232687,1598.81901896506,0,250.764117829511,0,0,0,0,0,5935.30459494348,48507.1838033903,203.597679555744,0,0,0,0,4.84502689961307,0.880913981747834,174.098214243139
"2254",42087,64934.2093004649,71262.591515323,4504.77528226477,1514.261274642,1701.81517285705,74.4759815123501,580.572082183016,0,1428.07582580554,36108.8727820453,37889.8094488193,22772.2244596497,0,0,0,0,241.65750702504,43.9377285500071,8683.57210459822
"2257",42093,26741.6724718229,11370.5856735429,3581.30176249263,960.703253045889,680.239393804164,0,0,0,224.085043373526,9808.35885771941,14525.5360828062,24605.1463139088,0,0,0,0,99.5211302769273,18.0947509594414,3576.13103490829
"2259",42097,173433.199883304,29543.7026807284,16799.1705961987,3272.77078737932,9060.29098932967,138.212816447577,182.414036682794,0,3418.97568396877,30465.9477237986,44986.2083764043,83423.6733748006,0,0,0,0,645.444599552158,117.353563554938,23193.0089353854
"2260",42099,91753.5231004838,78568.6470205229,20589.0568426414,3331.26782708244,6451.43465405129,0,299.294141668436,0,482.864718878692,29676.5229747174,88711.0363807699,45037.3890498804,0,0,0,0,341.467585300504,62.0850155091827,12270.0860190233
"2263",42105,14267.6917437727,33333.1113945093,7004.63145258186,1649.4414661421,259.928874055251,67.9355429372548,0,0,288.218732544296,43324.7997477204,70470.9317203531,1189.66188808335,0,0,0,0,53.0982798581204,9.65423270147646,1908.00090365225
"2264",42107,102722.261582077,19956.923350659,19939.0346943453,2984.90505583954,2673.50672969763,657.17119305531,184.47060663881,0,2322.3019894565,22176.0132599908,54251.4555695812,43449.2235044659,0,0,0,0,382.288564338011,69.5070116978204,13736.9219523087
"2265",42109,103717.212892183,31331.7561821625,12955.69473753,2206.06292373265,3583.42370093828,0,188.898218589679,0,2593.89007754072,31302.1531987512,45697.0582263542,52604.7109901405,0,0,0,0,385.991349908234,70.1802454378608,13869.9755697308
"2266",42111,100995.12577421,84390.5567716953,17159.9531875985,9521.64533036025,866.06088674579,0,360.390156266174,0,913.500959279647,87055.0324529937,196236.907087873,40433.3940614003,0,0,0,0,375.860899504341,68.3383453644256,13505.9542007396
"2267",42113,7456.42327981458,9704.28403364746,0,2236.79453561324,0,0,0,0,132.450134825228,4781.38002344708,52572.639966508,1517.28021898368,0,0,0,0,27.749635831949,5.04538833308164,997.138332632487
"2268",42115,3221.88308858169,34763.9317208086,559.984382300274,224.749224860965,0,0,189.694342363401,0,309.018497659941,16059.4333522954,231352.889675399,188.702588042486,0,0,0,0,11.9904784165472,2.18008698482677,430.858470653378
"2269",42117,42950.2903290105,45144.9295895198,4834.52281203881,2503.07033728755,1197.22133309533,0,0,0,779.893426815252,55758.7268449764,313218.5932458,8358.75869881775,0,0,0,0,159.842711549519,29.0623111908217,5743.68960526819
"2270",42119,69680.5754060313,45945.7548183225,6416.85986394222,318.013831802404,1352.40440130789,0,204.934288125114,0,4493.14139132755,35974.3781951648,27538.6256763572,40820.2691828629,0,0,0,0,259.321462786661,47.149356870302,9318.29781784735
"2274",42127,2582.40412154512,16865.4642617451,234.567326241456,49.2430932327704,0,0,0,0,522.284784777362,4229.75729754593,162164.512577934,537.178751038677,0,0,0,0,9.61060970583517,1.74738358287913,345.341733336362
"2276",42131,10312.5175453962,9205.95083293108,0,378.310032327632,0,0,0,0,556.979416909004,13114.1968193037,69276.0989938416,2548.87757759971,0,0,0,0,38.3788038388351,6.9779643343337,1379.08031298289
"2277",42133,438131.514291286,77758.8555693588,119869.497237933,709.696005375551,20505.2911380768,0,526.962525108368,0,1547.08214462267,58820.9151926468,163023.582183831,182415.51915896,0,0,0,0,1630.53913543195,296.461660987628,58590.7896104611
"2787",51001,114929.798690056,0,53622.0907787968,0,1581.80545866558,4118.24161520252,0,0,652.37979091535,865.443428622301,1699.98985392276,93576.6385629508,0,0,0,0,427.71982493563,77.7672408973876,15369.4209053056
"2788",51003,5919.98171342958,2962.71939245168,2303.3901444116,0,0,513.490362085256,0,2665.51326463395,0,6586.33636332152,138951.483860847,9566.66415814359,0,0,0,0,22.0316538526167,4.00575524593032,791.671887904246
"2789",51005,692.810527645735,509.959405679999,0,0,0,0,0,458.802667484501,0,830.357884218694,22980.1119577423,0,0,0,0,0,2.57834609453496,0.468790199006361,92.6487014540948
"2790",51007,20382.7941468206,14446.9437563744,10692.571130312,209.158020816422,1982.26183675794,344.733284684481,0,1789.50027290824,392.763296873754,1346.4011853551,58919.6318717062,30393.3718982704,0,0,0,0,75.8560899222337,13.7920163494971,2725.76604187328
"2791",51009,1787.34061156371,991.025116771379,770.480489192255,0,0,0,0,891.610120441942,195.692471095107,3863.30827821937,61006.0415905946,0,0,0,0,0,6.65172150470772,1.20940390994686,239.018866067551
"2792",51011,2315.6749241745,1874.88428640738,3133.36838757385,0,406.452755425784,0,0,1073.78252482067,0,1764.0232047369,95601.7425858162,3847.79199728405,0,0,0,0,8.61795708741156,1.56690128862029,309.672365175553
"2793",51013,0,0,0,0,0,0,0,0,0,0,0,0,0,0,0,0,0,0,0
"2794",51015,107741.389705458,86667.9772514843,19396.823297918,127.400036593624,3210.39811466111,168.706126717416,912.520588442817,0,810.411891046213,38997.5826046089,283257.028293656,34689.4543980701,0,0,0,0,400.967624309667,72.9032044199397,14408.1237953915
"2795",51017,1229.55306132676,4174.48436887986,0,0,0,0,0,789.997143260925,173.390240395855,594.3855422749,55053.2376812336,847.208127941834,0,0,0,0,4.57587349959618,0.831976999926581,164.426621644932
"2796",51019,2248.42147023363,20441.0993581732,5723.89385130353,325.793986708887,368.324744937863,0,2894.302715367,0,0,7404.99906607234,236982.215508406,1548.68422902323,0,0,0,0,8.36766833833367,1.5213942433334,300.678643332008
"2798",51023,7505.79245539855,6522.21890823972,1298.42036894886,0,0,0,101.457105148232,1388.96806650222,0,5030.87722809495,82936.5156847938,2108.1769577765,0,0,0,0,27.9333669041225,5.07879398256773,1003.74041188388
"2801",51029,5130.28908706008,1745.92295123137,3324.72119486542,0,0,0,0,1570.78014117463,0,1956.99369895673,66949.9562933672,6476.25889522786,0,0,0,0,19.0927537957689,3.47140978104889,686.06726230823
"2802",51031,2618.45825555802,10689.6246805185,8446.40854514523,13.6152710863415,835.17662779556,0,463.917179711797,0,484.265711480259,2261.06841712133,133406.855031237,9522.72639686875,0,0,0,0,9.74478785688011,1.77177961034185,350.16320842234
"2803",51033,63223.3513986471,420.468638104449,38277.6886963071,0,825.765473391406,2347.8481992035,0,2181.53899337968,478.808782692144,1120.78822400411,27006.2445121394,73361.8564109114,0,0,0,0,235.29042163382,42.7800766606946,8454.78117742433
"2805",51036,33785.4008572583,0,21045.5609467882,123.861931151412,0,0,0,1059.72966627436,0,797.329455842403,217.624818414603,31766.722873902,0,0,0,0,125.734891253202,22.8608893187642,4518.08018588833
"2806",51037,6507.41421770298,1548.7969363174,10490.7530115419,277.427381712865,898.463231324944,676.611107303887,443.648953413709,0,290.987237233103,2089.53908892592,96230.9203253463,23157.2891503784,0,0,0,0,24.2178277670678,4.40324141219417,870.228515641705
"2807",51041,2120.19726293233,410.290463158452,313.688689746747,43.1444070669245,139.725441474511,0,0,369.13204628423,81.0178806202302,109.155027033443,8872.01110597054,6312.76307355859,0,0,0,0,7.89047237936986,1.43463134170361,283.531377481684
"2808",51043,14208.2202712326,8980.3795545765,1100.62922141239,0,176.917546404839,0,0,0,279.546147006884,6765.66247916218,55809.275453514,6646.85717593049,0,0,0,0,52.8769523337235,9.6139913334043,1900.04785662924
"2809",51045,1612.58361376074,686.353980762625,533.61145132211,0,0,0,0,617.502165280384,0,1288.41915837689,38134.8257800786,662.221196506825,0,0,0,0,6.00135029238061,1.09115459861466,215.648827261299
"2810",51047,46601.895858431,12794.7993096812,3439.02765730695,0,1170.62680216806,595.766626698855,225.899322543848,0,678.771893708386,5913.86342891906,143990.955563045,42774.3506323966,0,0,0,0,173.432434106936,31.5331698376249,6232.01433046117
"2811",51049,2329.16845155754,881.744014465891,1998.7842741844,0,0,0,0,793.291586290096,174.113311705253,3278.54920482592,49723.1907807514,5609.06257364813,0,0,0,0,8.66817425681255,1.57603168305683,311.476838029511
"2813",51053,26767.1245486063,2448.98378114227,20441.3696453117,0,834.007540291939,424.451121400008,0,2203.31320277562,483.587832127698,1657.74968176142,40275.0031928315,48378.4693375019,0,0,0,4647.39234697813,99.6158520805858,18.1119731055611,3579.53470989474
"2814",51057,75676.3064980503,0,49060.3878108173,254.414223571604,4806.47200939186,0,0,2176.70028018059,0,514.587984586233,3944.46044397736,68378.3672878073,0,0,0,0,281.635023606127,51.2063679283867,10120.0995771699
"2815",51059,42.8365948668015,0,35.1856167052174,0,0,0,0,40.7172568136699,0,0,29.8522314757,0,0,0,0,0,0.159419585399936,0.0289853791636249,5.72848525066538
"2816",51061,44006.5336669385,26423.4572989701,6485.06482495704,504.454442968386,3244.46538836709,831.43948493759,315.260385470612,4315.97774657668,947.279905257735,15784.5965878004,161378.040403521,36386.5243153288,0,0,0,0,163.773599976518,29.7770181775487,5884.93973033648
"2818",51065,1372.62310576875,0,591.70552896688,0,259.186699552914,131.907782558767,0,684.729393344421,0,62.3743011619676,34108.6932256815,734.316968650699,0,0,0,0,5.10831934966931,0.928785336303513,183.55920307318
"2820",51069,20608.5073046062,5509.03578140442,8296.64632916029,0,0,0,327.894861000183,0,510.544834381203,8332.81679585661,99473.6055983093,9584.0721459704,0,0,0,0,76.696098287637,13.9447451432068,2755.95038540658
"2821",51071,248.987707663284,2793.21421878814,0,0,0,0,0,667.021762062622,0,2116.82784568428,42947.4305088884,0,0,0,0,0,0.926626340137131,0.16847751638857,33.2968205194925
"2822",51073,23704.7363815786,0,3119.83565721376,85.3923538559281,276.547648981694,0,0,730.594217391172,0,389.839382262298,4537.33946776536,18071.092899096,0,0,0,0,88.2189459203443,16.0398083491536,3170.00529932467
"2823",51075,9040.66334663844,14511.1230322242,12126.5894574689,0,0,0,0,1234.64400085445,0,3465.67210831183,42170.0330134113,9689.07712854165,0,0,0,0,33.6455034986565,6.11736427248305,1208.99681215293
"2825",51079,1031.4795192651,4247.157960651,0,0,132.729637815447,0,0,514.550820618766,0,2471.58168354297,33954.4236837775,0,0,0,0,0,3.83872802731125,0.697950550420231,137.938489995453
"2828",51085,53128.4437551744,4216.95594848637,35294.9847067423,368.998693323323,3842.91014286747,608.181943475547,0,3157.05445972084,276.686582411818,5483.09091151922,55609.6325169323,71173.1152854726,0,0,0,0,197.721469288816,35.9493580525122,7104.80156951484
"2829",51087,8295.3065959561,0,5808.24787054805,0,0,72.5780379302071,0,376.75044578919,0,0,4101.75487885989,9924.15459615471,0,0,0,0,30.8716027126978,5.61301867503597,1109.32116879135
"2831",51091,1614.80822298715,1536.52736887552,0,0,304.917505736247,0,0,805.542796304828,0,1426.81213908001,59430.0723487907,863.879585206343,0,0,0,0,6.00962934167605,1.09265988030474,215.946321522492
"2832",51093,56734.1427337626,1378.91061789136,30372.3187109581,310.121107553287,0,0,0,0,582.354853795812,161.783343638854,10336.0593075695,50799.0848607938,0,0,0,32505.7273798137,211.140347190546,38.389154034645,7586.98726801417
"2833",51095,370.552516374647,0,0,0,0,0,0,184.849139339936,0,0,3176.13762743575,198.235771645215,0,0,0,0,1.37903885014753,0.250734336390462,49.5535331706354
"2834",51097,53904.6071569984,1924.43449007594,16335.8099086694,0,655.370969738555,0,0,1731.38423884675,0,1302.67529252729,10982.4370418119,46215.4920340467,0,0,0,0,200.610019326609,36.4745489684744,7208.59694851917
"2835",51099,17739.9904265133,0,579.51733809807,78.3831174547332,0,0,0,670.625059125779,0,504.571241594931,20194.6057054219,12924.5953779816,0,0,0,0,66.0206986009847,12.0037633819973,2372.34714433347
"2836",51101,44974.605013766,1502.18604242437,24811.6295877972,0,511.573206793096,260.354745984094,0,1351.49377704539,296.628706691417,660.777752934595,14344.0425040956,35103.4163485915,0,0,0,0,167.376349756902,30.432063592164,6014.39872326379
"2837",51103,27586.9098828697,645.101795023224,5174.6454350889,0,219.69102672223,0,0,580.388205529871,0,31.1871505809838,1125.26018800581,15890.5683439113,0,0,0,0,102.666744396177,18.666680799305,3689.16359637935
"2839",51107,26845.8724888364,10081.8091857053,9149.2083418456,362.061655065317,1172.55579654903,0,0,3097.70300952342,591.300988480089,16961.9115222326,116422.080956902,27656.1398923846,0,0,0,0,99.9089184184127,18.1652578942569,3590.06557528054
"2840",51109,8385.72750828743,1704.52606154127,7823.90294858135,0,483.047471704727,245.837155120613,0,1276.13339275308,280.088450488932,2857.52267198264,70755.2716603331,14395.7096132486,0,0,0,0,31.2081108875461,5.67420197955385,1121.41304640796
"2841",51111,2654.95563737212,0,7571.20176365739,0,0,306.274360152646,0,1324.41757339938,0,1976.48566806985,50685.1067479176,8558.32387126419,0,0,0,0,9.88061558770422,1.79647556140077,355.043958492697
"2842",51113,34534.7556901281,7681.69303149744,4471.03367456696,0,1636.72234631173,447.229062802615,0,2321.55282211948,0,6342.68674940758,116494.678388386,30303.3377852302,0,0,0,0,128.523671200465,23.3679402182664,4618.29048787331
"2843",51115,4860.13296210013,0,0,0,0,41.4802476652624,0,215.322737359774,0,0,2087.17615517207,6360.25206435008,0,0,0,0,18.0873476105133,3.28860865645697,649.939615327367
"2845",51119,29789.5675909205,0,14627.7086826196,0,285.705501093396,0,0,754.787783386651,0,424.924926665904,6485.37054592596,20962.6989410297,0,0,0,0,110.864099477442,20.1571089958986,3983.72230796857
"2846",51121,5164.3084828168,14646.0882740849,2418.20869714461,0,398.188913446341,0,108.104852318749,1479.97705518309,324.828487757948,16201.7247268211,128821.117275816,646.184508130728,0,0,0,0,19.2193595165073,3.49442900300135,690.6166343448
"2847",51125,3061.38864648074,54.7411470483906,0,0,0,0,0,1037.9039812061,0,881.037003912793,61117.9626307995,1113.06818815998,0,0,0,0,11.3931863699155,2.07148843089373,409.395745914219
"2848",51127,16267.946541078,0,7225.30517565364,66.9577612951892,216.846247130084,0,101.341131490441,572.872757369572,125.735321910828,431.023437803959,4364.53117307374,16250.7744280234,0,0,0,0,60.5423773983704,11.0077049815219,2175.49252243207
"2849",51131,39403.9200343127,0,51881.7816544899,0,737.090186241705,3129.69857970427,0,0,427.391633800404,1465.10788289028,-845.990264220632,49510.9633935621,0,0,0,0,146.644629773567,26.6626599588304,5269.43785884101
"2850",51133,76002.5428651234,1931.75804038751,41702.732532242,203.135492372134,496.40884542977,0,0,1737.97312490511,381.454009675197,44.8315289601642,3953.53512291289,55006.5955185308,0,0,0,0,282.849136598602,51.4271157452004,10163.7267660914
"2851",51135,6901.33240466561,5889.39237210272,2382.03119798198,0,391.702768088424,199.349131918425,0,1034.81544086625,0,2777.60559861887,58256.4138731288,6704.93022332068,0,0,0,0,25.6838237044748,4.66978612808632,922.906711259282
"2852",51137,25874.5883973942,5797.84252272869,5811.40550763207,239.469207931631,1734.0021100273,0,0,2048.83471011086,449.682566510446,8884.43952175776,93230.2264906642,24147.3162340641,0,0,0,0,96.2942121691236,17.5080385762044,3460.17694595941
"2853",51139,20466.7181755971,15522.8904397393,1354.44607213296,0,2544.64837298515,0,0,0,344.01247343542,14139.4743946535,87525.2783331939,2643.43776747487,0,0,0,0,76.1684194599632,13.8488035381752,2736.98909922688
"2856",51145,4758.43174645386,651.109394888185,2216.21014196975,68.4679057902108,221.736929853567,0,42.7892323532179,585.793151124606,0,1097.39786106837,20118.5632000716,9302.96795854328,0,0,0,0,17.7088589448429,3.219792535426,636.339236594746
"2857",51147,1422.24634390259,1148.99638560146,745.292570031027,0,391.293587462157,199.140887787186,75.5090829628577,0,226.886219302115,2522.26080323707,60449.4612825487,4600.23486310954,0,0,0,0,5.29299593458688,0.96236289719762,190.195257797508
"2858",51149,23908.674270307,1258.27748790694,16879.3745781327,0,0,663.636985102977,0,0,248.465378691969,851.744760911553,6760.72005675395,31796.5949810129,0,0,0,1024.66649961622,88.9779159965026,16.177802908455,3197.27766285555
"2859",51153,4469.57030840207,807.93635898208,6252.1214263588,0,275.144743977348,0,53.0954964903153,726.887968983354,0,881.037003912793,33703.3575665611,9942.95522300766,0,0,0,0,16.6338395406294,3.02433446193262,597.710151054426
"2861",51157,2597.06648067867,1807.87357191711,1119.53426199357,0,0,0,0,1295.5397212218,0,532.130756788036,109634.221113125,1389.36171004366,0,0,0,0,9.6651767698449,1.75730486724453,347.302512625606
"2862",51159,44501.7960979237,1498.5814825054,24027.4529725315,0,1126.59810497436,0,0,1348.25080968855,295.916933371228,1014.40972980154,2938.91206038819,43359.8160789875,0,0,0,0,165.61675608305,30.1121374696456,5951.17056730957
"2863",51161,0,755.050304115733,0,0,0,0,0,0,0,1224.09566030361,24187.0442561679,0,0,0,0,0,0,0,0
"2864",51163,8142.52274093117,15538.4633522617,317.38763604517,219.735048793504,306.384247290656,362.166293385302,1436.11643447676,1879.9945048658,0,14926.9499468234,109307.532671446,1757.16229123695,0,0,0,0,30.3030061914379,5.50963748935236,1088.88957139731
"2865",51165,125237.35432988,201853.73258298,16472.5807035086,0,2405.39286131043,1208.44069357683,1024.89664313999,0,2719.48713292766,29405.5846040451,194186.029648444,44267.747092082,0,0,0,0,466.08016267249,84.7418477586349,16747.837668747
"2868",51171,56599.2431570946,24758.571378395,15080.4236222656,88.4506360930543,2694.90938379538,607.249803078575,230.253446539017,0,2223.06788034879,9128.0891356717,165010.936870712,17808.9982343757,0,0,0,0,210.638308346192,38.2978742447623,7568.94731321227
"2871",51177,4421.55762498886,3813.00403578445,2863.70618059857,0,680.515913882946,165.851575950637,62.8866354224578,860.93061973278,188.958869526336,647.755143972613,45668.8692865492,12326.2480203989,0,0,0,0,16.4551567553269,2.99184668278674,591.289473835973
"2872",51179,12851.1569458524,576.500726089049,448.205150343579,0,0,0,37.886142811162,518.66887440523,0,565.267104280332,13938.7068449752,9535.81720371451,0,0,0,0,47.8265398682535,8.69573452150066,1718.56944388816
"2873",51181,33816.7072686733,0,15729.182715728,0,0,252.074562670565,0,1308.51159064916,315.236173669195,0,8466.67544685017,29862.2890056503,0,0,0,9786.61583899267,125.851400400199,22.8820728000362,4522.26675385902
"2876",51187,2239.63996828593,796.951033514726,700.99543265235,0,271.40366396576,0,0,717.004639895839,157.369691697,4307.72517399839,43086.5755858999,678.911525245106,0,0,0,0,8.33498732332667,1.51545224060485,299.504303855623
"2878",51193,50764.970330561,308.626811807306,40464.3974860919,0,3724.06181300689,0,0,0,1458.91549881144,999.938015502794,6303.87696721535,53288.427120026,0,0,0,0,188.925626514029,34.3501139116417,6788.73716954706
"2881",51199,0,0,0,0,0,0,0,4.78723752676523,0,0,3.50980724050582,0,0,0,0,0,0,0,0
"2882",51510,0,0,0,0,0,0,0,0,0,0,0,0,0,0,0,0,0,0,0
"2885",51530,0,0,0,0,0,0,0,0,0,0,0,0,0,0,0,0,0,0,0
"2886",51540,0,0,0,0,0,0,0,0,0,0,0,0,0,0,0,0,0,0,0
"2887",51550,36207.5961140016,1849.48252985594,24573.7241880669,194.483748213406,0,0,0,1663.9511080934,0,1251.93931413541,6590.38067411134,63557.8169307617,0,0,0,0,134.749271709642,24.4998675835714,4841.9973843872
"2889",51570,0,0,0,0,0,0,0,0,0,0,0,0,0,0,0,0,0,0,0
"2890",51580,0,0,0,0,0,0,0,0,0,0,0,0,0,0,0,0,0,0,0
"2893",51600,0,0,0,0,0,0,0,0,0,0,0,0,0,0,0,0,0,0,0
"2894",51610,0,0,0,0,0,0,0,0,0,0,0,0,0,0,0,0,0,0,0
"2896",51630,0,0,0,0,0,0,0,0,0,0,0,0,0,0,0,0,0,0,0
"2898",51650,0,0,0,0,0,0,0,0,0,0,0,0,0,0,0,0,0,0,0
"2899",51660,0,0,0,0,0,0,0,0,0,0,0,0,0,0,0,0,0,0,0
"2900",51670,0,0,0,0,0,0,0,0,0,0,0,0,0,0,0,0,0,0,0
"2901",51678,0,0,0,0,0,0,0,0,0,0,0,0,0,0,0,0,0,0,0
"2902",51680,0,0,0,0,0,0,0,0,0,0,0,0,0,0,0,0,0,0,0
"2903",51683,0,0,0,0,0,0,0,0,0,0,0,0,0,0,0,0,0,0,0
"2904",51685,0,0,0,0,0,0,0,0,0,0,0,0,0,0,0,0,0,0,0
"2906",51700,0,0,0,0,0,0,0,0,0,0,0,0,0,0,0,0,0,0,0
"2907",51710,0,0,0,0,0,0,0,0,0,0,0,0,0,0,0,0,0,0,0
"2909",51730,0,0,0,0,0,0,0,0,0,0,0,0,0,0,0,0,0,0,0
"2910",51735,0,0,0,0,0,0,0,0,0,0,0,0,0,0,0,0,0,0,0
"2911",51740,0,0,0,0,0,0,0,0,0,0,0,0,0,0,0,0,0,0,0
"2913",51760,0,0,0,0,0,0,0,0,0,0,0,0,0,0,0,0,0,0,0
"2917",51790,0,0,0,0,0,0,0,0,0,0,0,0,0,0,0,0,0,0,0
"2918",51800,61502.1056225744,0,28622.1758025896,0,0,574.367063117301,0,2981.52241707279,0,56.5267104280332,7226.46932566097,56405.1532605359,0,0,0,41280.5555604759,228.88467699314,41.615395816935,8224.6010925772
"2919",51810,35916.2715717448,0,10328.9015564353,0,0,0,0,956.932748629738,0,0,2970.44490489706,34012.144407705,0,0,0,0,133.665085679268,24.3027428507761,4803.03891094497
"2920",51820,0,0,0,0,0,0,0,0,0,0,0,0,0,0,0,0,0,0,0
"2921",51830,0,0,0,0,0,0,0,0,0,0,0,0,0,0,0,0,0,0,0
"2922",51840,0,0,0,0,0,0,0,0,0,0,0,0,0,0,0,0,0,0,0
"2963",54003,19108.6910268323,6900.21596673766,2119.04513798435,0,678.027233173906,56.308487923182,67.3223974788805,0,160.222094104654,8732.40216267547,76178.9047708019,6491.36902866153,0,0,0,0,71.1144200538217,12.9298945552403,2555.38179556765
"2973",54023,1033.43285116158,2919.68514472753,0,0,0,39.2526634088604,46.9304629831494,0,0,861.545034799678,80682.9704158037,0,0,0,0,0,3.84599749777347,0.699272272322452,138.199706672302
"2974",54025,6665.08858397519,16020.2798275756,176.044591791262,65.5202763749989,95.6066236901296,0,78.9565101158266,0,0,5525.97324356807,135615.02690555,767.469335689886,0,0,0,0,24.8046246909941,4.50993176199895,891.314115101861
"2975",54027,2235.03503433775,6625.09451217548,147.489157506017,54.8925148099301,80.0986854329026,0,0,0,0,1849.7878688346,123391.43437939,642.9814433994,0,0,0,0,8.31784971789619,1.51233631234477,298.888491691175
"2977",54031,23496.2292560645,21039.948630625,161.653068205187,0,595.624249696816,0,279.251117884771,0,0,1662.6649653487,111210.190354929,4239.19319558177,0,0,0,0,87.4429710884101,15.8987220160746,3142.12189736705
"2980",54037,62957.5146303364,13663.5790658543,18935.3571926391,0,882.652091472721,0,0,0,189.747458453229,5623.43308913364,55222.446215683,42859.6497727479,0,0,0,0,234.301090256758,42.6001982285016,8419.23115270625
"2990",54057,8554.18241760113,1522.37017567335,118.091156218368,43.9511666569396,0,0,88.7297906827418,0,0,2220.13528198379,90571.3455625537,0,0,0,0,0,31.8350284071313,5.78818698311481,1143.94031465621
"2993",54063,2449.82486043237,7405.62776405512,843.449974242835,47.3842710081225,69.1427206621695,0,57.1013567124008,0,135.896808362295,3426.6881700856,118418.510322719,292.454195490199,0,0,0,0,9.11720608902237,1.65767383436771,327.612071485553
"2994",54065,605.066902493572,811.679076924413,744.751260816622,56.308871135655,15.5599855958055,0,0,0,0,132.545389969181,18500.2454565686,0,0,0,0,0,2.25180164377411,0.409418480686203,80.9148541656486
"2997",54071,9919.0634215446,6132.42418873997,0,0,191.02007042273,0,0,0,0,1508.67840935509,89564.0562007098,837.672374225502,0,0,0,0,36.9145349469368,6.7117336267158,1326.46417595553
"2999",54075,528.496489169163,4513.31319285179,105.284936423545,119.230873941819,57.1783387064819,0,0,0,0,4025.09162185822,85050.9158767725,458.991437299814,0,0,0,0,1.96683913487172,0.357607115431222,70.6751867800842
"3000",54077,15420.7457860998,3952.21643560579,192.448692482604,522.097020193032,233.659466570942,0,0,0,205.420154383604,5030.87722809495,127505.288830164,2988.60335010463,0,0,0,0,57.3894565481231,10.4344466451133,2062.19740538703
"3003",54083,4434.26581479935,1509.62870179139,106.630647702265,0,57.9091700856854,0,0,0,113.817786083441,693.91410042689,53262.3155656084,464.858088076192,0,0,0,0,16.5024512323289,3.00044567860528,592.988924460336
"3008",54093,582.327810051777,0,0,9.69889134018151,0,0,0,0,0,187.122903485903,14483.187581107,0,0,0,0,0,2.16717641385763,0.394032075246843,77.8739832450869
