"","FIPS","LRS","AtmDep2019"
"1",10001,"N10001EL2_4400_4590",13027.8756808508
"2",10001,"N10001EL0_4560_4562",48821.6102195694
"3",10005,"N10005EL0_4560_4562",14230.4746355607
"4",10005,"N10005EL0_4561_4562",82825.4130418886
"5",10005,"N10005EL0_4562_0001",19337.1083165955
"6",10001,"N10001EL2_4590_0001",30891.2542323584
"7",10005,"N10005EL2_4590_0001",12024.4674034011
"8",24011,"N24011EL2_4590_0001",5690.45631197362
"9",10005,"N10005EL0_4591_0000",9402.32746997193
"10",24011,"N24011EL0_4591_0000",8728.61911024936
"11",24019,"N24019EL0_4591_0000",344.757527429157
"12",24019,"N24019EL0_4592_0000",2306.27840215287
"13",24045,"N24045EL0_4593_0000",12666.2670332724
"14",24019,"N24019EL0_4593_0000",34314.1589416147
"15",24045,"N24045EL0_4594_0000",33633.5648955348
"16",10005,"N10005EL0_4594_0000",9945.73069257669
"17",24045,"N24045EL0_4595_0000",1324.02124056079
"18",24045,"N24045EL0_4596_0000",11463.5230588552
"19",24045,"N24045EL2_4630_0000",2048.15547369008
"20",10005,"N10005EL2_4630_0000",41481.5433903947
"21",24011,"N24011EL2_4630_0000",67836.4123803988
"22",24019,"N24019EL2_4630_0000",138420.726718358
"23",10005,"N10005EL0_4631_0000",2465.27296974893
"24",10005,"N10005EL0_4632_0000",37908.7277039223
"25",24045,"N24045EL0_4633_0000",91737.9407991476
"26",10005,"N10005EL0_4633_0000",36992.8894384784
"27",24045,"N24045EL0_5040_0000",2718.18257545871
"28",24045,"N24045EL2_5110_5270",1486.50955188852
"29",24047,"N24047EL2_5110_5270",8928.59742981921
"30",10005,"N10005EL2_5110_5270",16223.3002021646
"31",24019,"N24019EL1_5150_0001",371.9864718272
"32",24019,"N24019EL0_5151_0000",23358.1653057884
"33",24045,"N24045EL2_5272_5270",4050.2045351256
"34",24047,"N24047EL2_5270_0001",2044.11505081239
"35",24047,"N24047EL0_5271_0000",336.066023830426
"36",24019,"N24019EL0_5280_0000",319.310503893657
"37",24019,"N24019EL0_5281_0000",7932.79645907365
"38",24019,"N24019EL0_5283_0000",1994.8826340447
"39",24045,"N24045EL0_5400_0001",55382.5082367029
"40",10005,"N10005EL0_5400_0001",17461.8850589113
"41",24045,"N24045EL1_5430_0001",38379.6260830801
"42",24047,"N24047EL1_5430_0001",843.941910418751
"43",24039,"N24039EL1_5570_0001",68596.0817423071
"44",24045,"N24045EL1_5570_0001",6322.57868967281
"45",24047,"N24047EL1_5570_0001",2718.15944915028
"46",24047,"N24047EL1_5660_0000",81278.8186621956
"47",24039,"N24039EL0_5761_0000",68876.45828524
"48",24045,"N24045EL0_5761_0000",20839.3987864712
"49",24039,"N24039EL0_5762_0000",2192.1769418117
"50",24045,"N24045EL0_5762_0000",61430.7026350379
"51",24039,"N24039EL0_5763_0000",1986.25788695472
"52",24047,"N24047EL3_5870_0000",725.661434354314
"53",24039,"N24039EL0_5891_0000",44037.4989718308
"54",24039,"N24039EL0_5892_0000",2342.69572210168
"55",24039,"N24039EL0_5893_0000",20532.4879029849
"56",24047,"N24047EL3_5972_0000",13504.1924101281
"57",51001,"N51001EL3_5972_0000",15948.2166911608
"58",24039,"N24039EL1_6000_0001",7441.84281870735
"59",24039,"N24039EL0_6001_0000",14431.3070260043
"60",24039,"N24039EL0_6002_0000",376.372602149702
"61",24039,"N24039EL0_6003_0000",1929.09525827995
"62",24039,"N24039EL0_6011_0000",18500.2827193844
"63",51001,"N51001EL0_6480_0000",12367.0481865365
"64",51001,"N51001EL0_6550_0000",6387.54400025599
"65",51001,"N51001EL0_6610_0000",18420.7664045793
"66",51131,"N51131EL0_6610_0000",10611.2412870029
"67",51131,"N51131EL0_6920_0000",1889.64646406689
"68",51131,"N51131EL0_7060_0000",29487.7590226137
"69",51131,"N51131EL0_7220_0000",3783.01568032453
"70",24035,"N24035EM2_3980_0001",15272.8288831528
"71",10001,"N10001EM2_3980_0001",18983.3615589722
"72",24011,"N24011EM2_3980_0001",12776.6733472232
"73",24035,"N24035EM2_4100_0001",13163.3553901688
"74",24011,"N24011EM2_4100_0001",10900.7260125247
"75",24035,"N24035EM2_4101_0000",34764.7800999754
"76",24041,"N24041EM2_4101_0000",14199.5609046912
"77",24011,"N24011EM2_4101_0000",9130.40751059206
"78",24011,"N24011EM3_4320_0000",278.300562185813
"79",24011,"N24011EM3_4321_0000",25117.4774273338
"80",24011,"N24011EM0_4322_0000",19118.1270357722
"81",24019,"N24019EM0_4322_0000",14794.9347499247
"82",24011,"N24011EM0_4323_0000",8215.34275944107
"83",24041,"N24041EM0_4324_0000",19814.8137325541
"84",24011,"N24011EM0_4324_0000",5238.14358023022
"85",24011,"N24011EM3_4325_0000",46147.4972921205
"86",10001,"N10001EM3_4326_0000",11596.3179008476
"87",24041,"N24041EM4_4740_0000",4977.16071552469
"88",24011,"N24011EM4_4740_0000",12365.9599429482
"89",24041,"N24041EM0_4870_0000",56013.1912438759
"90",24041,"N24041EM0_4871_0000",14370.6104949224
"91",24041,"N24041EM0_4875_0000",13155.4667687341
"92",24041,"N24041EM0_4874_0000",14844.4532115385
"93",24019,"N24019EM0_4880_0000",890.310555990764
"94",24019,"N24019EM0_4881_0000",369.096744224151
"95",24041,"N24041EM0_4882_0000",1904.34100052691
"96",24019,"N24019EM0_4883_0000",34187.8029698975
"97",24019,"N24019EM0_4884_0000",20019.4117685777
"98",24019,"N24019EM0_4885_0000",1907.71716668586
"99",24019,"N24019EM0_4886_0000",45732.5996382938
"100",24019,"N24019EM0_5261_0000",15205.5306038534
"101",24019,"N24019EM0_4888_0000",33193.2259892542
"102",24015,"N24015EU1_2650_0001",35198.9863184061
"103",42029,"N42029EU1_2650_0001",47278.7737262812
"104",24015,"N24015EU1_2810_0001",9095.34263470142
"105",42029,"N42029EU1_2810_0001",2500.41124291849
"106",24015,"N24015EU0_2940_0000",258.64592314089
"107",24015,"N24015EU0_2941_0000",22462.2766071416
"108",24015,"N24015EU1_2980_0000",12644.2843349588
"109",42029,"N42029EU1_2980_0000",10903.3630004107
"110",24015,"N24015EU1_2981_0000",1535.95202871605
"111",10003,"N10003EU1_2981_0000",76576.7674642923
"112",24015,"N24015EU1_2982_0000",40851.0417088506
"113",24015,"N24015EU1_2983_0000",38942.8786564983
"114",10003,"N10003EU1_2983_0000",93970.3640668361
"115",24015,"N24015EU1_2984_0000",42295.3497241891
"116",24015,"N24015EU0_2985_0000",47187.166704332
"117",24015,"N24015EU0_3050_0000",64098.6393817838
"118",24015,"N24015EU0_3200_0000",25672.5563964079
"119",24015,"N24015EU0_3202_0000",14020.6227467823
"120",24015,"N24015EU0_3203_0000",17964.3013760556
"121",24015,"N24015EU0_3300_0000",6735.38350706609
"122",24015,"N24015EU0_3360_0000",3944.93279061351
"123",24029,"N24029EU0_3360_0000",4358.4951130294
"124",24015,"N24015EU0_3361_0000",10964.1774947247
"125",24029,"N24029EU0_3361_0000",10308.3998870143
"126",10003,"N10003EU0_3361_0000",5540.46265975219
"127",24015,"N24015EU0_3362_0000",11316.0599549278
"128",24029,"N24029EU0_3362_0000",6628.62854435531
"129",24015,"N24015EU0_3363_0000",7308.10214632438
"130",24029,"N24029EU0_3363_0000",9044.21416493434
"131",24029,"N24029EU2_3520_0001",33002.208149438
"132",24035,"N24035EU2_3520_0001",18908.8880866437
"133",10003,"N10003EU2_3520_0001",9940.46526058529
"134",10001,"N10001EU2_3520_0001",31364.4251951213
"135",24029,"N24029EU0_3570_0000",14940.5345392511
"136",24029,"N24029EU0_3571_0000",3867.99535668585
"137",24029,"N24029EU0_3572_0000",30668.9617714609
"138",24029,"N24029EU0_3573_0000",43396.674449903
"139",24029,"N24029EU0_3700_0000",773.446354033327
"140",24035,"N24035EU0_3700_0000",14487.79015491
"141",24029,"N24029EU0_3720_0000",8278.22484401283
"142",24035,"N24035EU0_3720_0000",11378.4290997021
"143",24035,"N24035EU0_3721_0000",9943.07086747025
"144",24035,"N24035EU0_3722_0000",34771.7044129762
"145",24029,"N24029EU0_3724_0000",36799.3514529765
"146",24029,"N24029EU0_3725_0000",25463.7387132168
"147",24035,"N24035EU0_3830_0001",37877.6086181907
"148",24029,"N24029EU0_4010_0000",33875.7356930286
"149",24029,"N24029EU0_4011_0000",56580.7968546445
"150",24029,"N24029EU0_4012_0000",20189.6261388755
"151",24029,"N24029EU0_4013_0000",127701.007407969
"152",24029,"N24029EU0_4014_0000",45495.6328007595
"153",24029,"N24029EU0_4015_0000",6830.38335368267
"154",24035,"N24035EU0_4030_0000",9679.34984092951
"155",24029,"N24029EU0_4122_0000",1488.58961792235
"156",24035,"N24035EU0_4122_0000",45080.5246698959
"157",24035,"N24035EU0_4121_0000",217.194482534612
"158",24035,"N24035EU0_4260_0000",5459.65049490487
"159",24035,"N24035EU0_4470_0000",145921.554515158
"160",24041,"N24041EU0_4470_0000",70405.9686137937
"161",24035,"N24035EU0_4471_0000",878.809284458523
"162",24035,"N24035EU0_4472_0000",44326.0396916858
"163",24035,"N24035EU0_4473_0000",1172.05496914009
"164",24035,"N24035EU0_4474_0000",24936.5478247592
"165",24041,"N24041EU0_4474_0000",6269.08925496004
"166",24035,"N24035EU0_4475_0000",5473.10914113386
"167",24041,"N24041EU0_4475_0000",15988.9248085266
"168",24035,"N24035EU0_4491_0000",12607.8436808237
"169",24035,"N24035EU0_4610_0000",6829.73947219617
"170",24041,"N24041EU0_4700_0000",11478.1008296633
"171",24041,"N24041EU0_4873_0000",17744.8993767874
"172",51007,"N51007JA4_7280_7340",11281.5688202262
"173",51049,"N51049JA4_7280_7340",3820.61554478447
"174",51135,"N51135JA4_7280_7340",11778.5155288419
"175",51145,"N51145JA4_7280_7340",13204.8252261435
"176",51147,"N51147JA4_7280_7340",5465.81180019353
"177",51041,"N51041JA2_7290_0001",3856.32907265329
"178",51570,"N51570JA2_7290_0001",13383.8593517954
"179",51145,"N51145JA0_7291_7290",4918.26080328796
"180",51041,"N51041JA0_7291_7290",8866.95862904875
"181",51007,"N51007JA4_7340_7470",3602.80299120263
"182",51145,"N51145JA4_7340_7470",172.271734660306
"183",51041,"N51041JA4_7340_7470",12538.7133093166
"184",51007,"N51007JA2_7410_7470",48620.9128835504
"185",51135,"N51135JA2_7410_7470",24011.104530924
"186",51147,"N51147JA2_7410_7470",6296.0763678563
"187",51670,"N51670JA5_7460_0000",5005.46243824923
"188",51149,"N51149JA5_7460_0000",7577.14671890448
"189",51041,"N51041JA5_7460_0000",18451.9342251748
"190",51007,"N51007JA4_7470_7480",37402.1112616188
"191",51041,"N51041JA4_7470_7480",11394.776782013
"192",51007,"N51007JA5_7480_0001",12343.8412772209
"193",51053,"N51053JA5_7480_0001",4444.50881367177
"194",51135,"N51135JA5_7480_0001",3492.28162058089
"195",51041,"N51041JA5_7480_0001",11199.8973234972
"196",51053,"N51053JA5_7520_0000",12359.1618574636
"197",51730,"N51730JA5_7520_0000",12857.5642321664
"198",51149,"N51149JA5_7520_0000",27757.0493039013
"199",51041,"N51041JA5_7520_0000",29188.4954559983
"200",51570,"N51570JA5_7520_0000",47376.5413440484
"201",51011,"N51011JA2_7550_7280",11426.1048088361
"202",51029,"N51029JA2_7550_7280",22265.54483058
"203",51049,"N51049JA2_7550_7280",13371.1057032331
"204",51147,"N51147JA2_7550_7280",14133.4782228409
"205",51007,"N51007JA2_7570_7480",11094.5767181172
"206",51135,"N51135JA2_7570_7480",22463.5162962749
"207",51007,"N51007JA1_7600_7570",11121.876810424
"208",51135,"N51135JA1_7600_7570",9171.35261817083
"209",51147,"N51147JA1_7640_7280",16138.9777904937
"210",51036,"N51036JB3_6820_7053",4740.4800143056
"211",51085,"N51085JB3_6820_7053",17544.4960380665
"212",51127,"N51127JB3_6820_7053",36105.5616651869
"213",51760,"N51760JB3_6820_7053",4112.15230751132
"214",51087,"N51087JB3_6820_7053",3359.57878480651
"215",51036,"N51036JB0_7050_0000",14338.9888267975
"216",51095,"N51095JB0_7050_0000",37432.9411658874
"217",51127,"N51127JB0_7050_0000",88195.9790856407
"218",51095,"N51095JB0_7051_0001",9139.92581427949
"219",51095,"N51095JB0_7052_0001",7777.29323569819
"220",51127,"N51127JB0_7052_0001",34207.1214057772
"221",51036,"N51036JB3_7053_0001",69089.3187552411
"222",51127,"N51127JB3_7053_0001",18936.1751987205
"223",51760,"N51760JB0_7071_0000",15061.4426825206
"224",51041,"N51041JB0_7071_0000",14374.2684867011
"225",51087,"N51087JB0_7071_0000",4259.36333007661
"226",24025,"N24025WU0_3162_0000",88519.9435906172
"227",24025,"N24025WU1_3240_3331",1954.69148930184
"228",24025,"N24025WU0_3250_0001",147268.036276214
"229",24025,"N24025WU0_3251_0000",41538.6756030192
"230",51095,"N51095JB0_7072_0000",6823.22424022793
"231",51181,"N51181JB0_7072_0000",8758.24319766204
"232",51199,"N51199JB0_7072_0000",13476.8587014622
"233",51830,"N51830JB0_7072_0000",1666.52505085146
"234",51036,"N51036JB0_7073_0000",23699.9402933464
"235",51041,"N51041JB0_7073_0000",323.030888643153
"236",51087,"N51087JB0_7073_0000",9153.52723321923
"237",51036,"N51036JB0_7074_0000",19325.7790391654
"238",51670,"N51670JB0_7074_0000",2670.15561060424
"239",51149,"N51149JB0_7074_0000",18698.0361012116
"240",51041,"N51041JB0_7074_0000",14039.5499265547
"241",51036,"N51036JB0_7270_0000",19865.5012863445
"242",51181,"N51181JB0_7270_0000",17689.9835045177
"243",51149,"N51149JB0_7270_0000",16479.9407601753
"244",51023,"N51023JU1_7560_7500",5578.54015454393
"245",51045,"N51045JU1_7560_7500",20392.6437987353
"246",51045,"N51045JU1_7630_7490",8339.6220838301
"247",51045,"H51045JU1_7630_7490",1311.6202419253
"248",51071,"N51071JU1_7630_7490",5994.58632552275
"249",51045,"N51045JU1_7690_7490",5458.69140701433
"250",51121,"N51121JU1_7690_7490",4205.98230388771
"251",51161,"N51161JU1_7690_7490",526.77595373269
"252",51023,"N51023JU1_7750_7560",17243.6578265855
"253",51161,"N51161JU1_7750_7560",10995.7440883865
"254",24031,"N24031PL1_4460_4780",498.945965859305
"255",11001,"N11001PL1_4460_4780",18681.4167293838
"256",24033,"N24033PL0_4510_0001",4036.15961868924
"257",24031,"N24031PL0_4510_0001",42386.0058538191
"258",11001,"N11001PL0_4510_0001",34080.2359925022
"259",24033,"N24033PL1_4540_0001",66818.1144979467
"260",24031,"N24031PL1_4540_0001",10541.6363353855
"261",24031,"N24031PL1_4780_0001",91072.5718201876
"262",11001,"N11001PL1_4780_0001",66156.0824454814
"263",24033,"N24033PL2_4810_0000",3612.59851774395
"264",11001,"N11001PL2_4810_0000",735.365017893546
"265",24017,"N24017PL2_5800_0000",50174.8078187728
"266",24037,"N24037PL0_5830_0001",140025.258842368
"267",51179,"N51179PL0_5850_0000",78806.3231321505
"268",24017,"N24017PL0_5860_0000",147306.36543146
"269",24037,"N24037PL1_5910_0001",21904.2378677463
"270",51099,"N51099PL0_5920_0000",35769.3204621982
"271",51103,"N51103RL0_6450_0000",4117.75066418485
"272",51133,"N51133RL0_6450_0000",796.518637553256
"273",51057,"N51057RL0_6500_0000",36752.1873961437
"274",51103,"N51103RL0_6500_0000",3703.01887425841
"275",51119,"N51119RL0_6500_0000",49289.5031022251
"276",51159,"N51159RL0_6500_0000",20888.2856973724
"277",51057,"N51057RL0_6501_0000",63548.9890169549
"278",51133,"N51133RL0_6501_0000",12818.1388952052
"279",51159,"N51159RL0_6501_0000",7811.49837340752
"280",51193,"N51193RL0_6501_0000",2457.52635128265
"281",51103,"N51103RL0_6530_0000",16266.0621948456
"282",51133,"N51133RL0_6530_0000",54902.835381397
"283",51057,"N51057RL0_6540_0001",44035.7000261689
"284",42013,"N42013SW3_1920_1750",2092.17238536478
"285",42027,"N42027SW3_1920_1750",81191.661270436
"286",42033,"N42033SW3_1920_1750",100874.159297426
"287",42033,"N42033SW4_1940_1860",20824.9766896904
"288",42021,"N42021SW2_1950_1940",16068.1938408535
"289",42033,"N42033SW2_1950_1940",3409.3330134681
"290",42063,"N42063SW2_1950_1940",24971.7631439067
"291",42065,"N42065SW2_1950_1940",44263.0564707575
"292",42021,"N42021SW2_2020_1940",14186.0018709882
"293",42033,"N42033SW2_2020_1940",7590.57668833941
"294",24003,"N24003WL0_4390_0000",14745.8492934878
"295",24003,"N24003WL0_4391_0000",36450.8771307031
"296",24003,"N24003WL0_4392_0000",13805.1330020603
"297",24037,"N24037XL0_4956_0000",9341.83346896167
"298",24009,"N24009XL0_5320_0001",37680.7944895007
"299",24017,"N24017XL0_5340_0000",4709.09184337688
"300",24033,"N24033XL0_5340_0000",2914.05722057365
"301",24037,"N24037XL0_5340_0000",14780.3379657502
"302",24009,"N24009XL0_5341_0000",41157.7283280935
"303",51810,"N51810JB0_7660_0000",17217.3133849207
"304",51800,"N51800JB0_7760_0000",11383.5371283471
"305",51093,"N51093JB2_7800_0001",32814.0687879446
"306",51800,"N51800JB2_7800_0001",1390.72181055278
"307",51093,"N51093JB1_8090_0001",26058.50350306
"308",51800,"N51800JB1_8090_0001",8414.81868010893
"309",51003,"N51003JL2_6240_6520",30607.1890702208
"310",51003,"H51003JL2_6240_6520",35671.5718657025
"311",51079,"N51079JL2_6240_6520",58598.3576029978
"312",51079,"H51079JL2_6240_6520",3763.50411091384
"313",51079,"L51079JL2_6240_6520",20712.0541105105
"314",51137,"N51137JL2_6240_6520",37070.3704561616
"315",51003,"N51003JL2_6440_6441",20257.7950622485
"316",51003,"H51003JL2_6440_6441",13179.7814241823
"317",51003,"N51003JL2_6441_6520",2950.34809101392
"318",51003,"N51003JL4_6520_6710",14302.4465612679
"319",51065,"N51065JL4_6520_6710",4816.78863950536
"320",51109,"N51109JL4_6520_6710",16521.7258738517
"321",51540,"N51540JL4_6520_6710",17385.9914080282
"322",51003,"N51003JL1_6560_6440",22076.7976104622
"323",51003,"H51003JL1_6560_6440",11776.4210668511
"324",51125,"N51125JL1_6560_6440",5623.73401946257
"325",51065,"N51065JL4_6710_6740",13825.761947486
"326",51109,"N51109JL4_6710_6740",6413.11398410397
"327",51049,"N51049JL6_6740_7100",17695.1663288048
"328",51065,"N51065JL6_6740_7100",26597.5160348147
"329",51075,"N51075JL6_6740_7100",6425.75162000791
"330",51109,"N51109JL6_6740_7100",9115.85292046112
"331",51003,"N51003JL1_6760_6910",11535.8670482542
"332",51065,"N51065JL1_6760_6910",8771.67233662957
"333",51003,"N51003JL1_6770_6850",4970.77530487972
"334",51125,"N51125JL1_6770_6850",13415.3193154683
"335",51125,"H51125JL1_6770_6850",10801.022633237
"336",51075,"N51075JL7_6800_7070",6148.06934962687
"337",51085,"N51085JL7_6800_7070",1606.78115437503
"338",51109,"N51109JL7_6800_7070",5161.62221365851
"339",51145,"N51145JL7_6800_7070",17438.1722874713
"340",51760,"N51760JL7_6800_7070",1174.02375138424
"341",51041,"N51041JL7_6800_7070",3071.45063244346
"342",51087,"N51087JL7_6800_7070",40460.7472201542
"343",51003,"N51003JL2_6850_6890",44372.2376190543
"344",51125,"N51125JL2_6850_6890",68264.1742483675
"345",51003,"N51003JL6_6890_6990",19900.6711058388
"346",51029,"N51029JL6_6890_6990",319.167535704334
"347",51065,"N51065JL1_6910_6960",25830.2527538047
"348",51125,"N51125JL1_6940_7200",89614.6564671738
"349",51125,"H51125JL1_6940_7200",25375.5451441364
"350",51029,"N51029JL6_6960_6970",3018.97033808408
"351",51065,"N51065JL6_6960_6970",27643.0556827871
"352",51029,"N51029JL6_6970_6740",31363.3599808231
"353",51049,"N51049JL6_6970_6740",47181.7804663404
"354",51065,"N51065JL6_6970_6740",60924.3797920304
"355",51029,"N51029JL6_6990_6960",20991.0222427699
"356",51065,"N51065JL6_6990_6960",7509.1221681164
"357",51029,"N51029JL3_7020_7100",17060.008132812
"358",51049,"N51049JL3_7020_7100",4282.33277980114
"359",51049,"N51049JL7_7030_6800",40578.8424208052
"360",51075,"N51075JL7_7030_6800",9636.43689630451
"361",51145,"N51145JL7_7030_6800",27489.2612710546
"362",51760,"N51760JL7_7070_0001",42952.2194109017
"363",51041,"N51041JL7_7070_0001",5309.61127125905
"364",51087,"N51087JL7_7070_0001",2926.25477237534
"365",51009,"N51009JL1_7080_7190",57654.247768734
"366",51009,"H51009JL1_7080_7190",29953.3756934657
"367",51125,"N51125JL1_7080_7190",7383.95805800788
"368",51125,"N51125JL3_7090_7150",28627.3454712521
"369",51061,"N51061PL2_5140_5360",17767.5261368471
"370",51153,"N51153PL2_5140_5360",3696.69893542306
"371",51683,"N51683PL2_5140_5360",8735.47176486127
"372",51061,"N51061PL0_5141_5140",12096.7161432901
"373",51153,"N51153PL0_5141_5140",11176.8088760112
"374",24017,"N24017PL1_5230_0001",11878.5823765519
"375",24033,"N24033PL1_5230_0001",122650.315541759
"376",51059,"N51059PL3_5250_0001",23401.319590929
"377",51153,"N51153PL3_5250_0001",15025.6586228328
"378",51059,"N51059PL0_5251_0000",9510.75957856616
"379",51153,"N51153PL0_5251_0000",3930.22906740811
"380",24017,"N24017PL0_5290_0000",36882.2844666152
"381",24033,"N24033PL0_5290_0000",30241.3526905075
"382",24017,"N24017PL2_5300_5630",17697.6120872346
"383",24033,"N24033PL2_5300_5630",3833.36223814935
"384",24009,"N24009XL0_5342_0000",1094.96314236062
"385",24009,"N24009XL0_5343_0000",40414.9860550309
"386",24037,"N24037XL0_5344_0000",5593.50727848466
"387",24009,"N24009XL0_5345_0000",3545.33448858899
"388",24009,"N24009XL0_5346_0000",73094.8700543678
"389",51153,"N51153PL0_5496_0000",11974.2011904542
"390",51059,"N51059PL0_5253_0000",15650.5726125904
"391",51059,"N51059PL7_4983_0000",14544.9439061137
"392",51059,"N51059PL7_4982_0000",9816.76937813108
"393",51510,"N51510PL7_4963_0000",31338.8489304372
"394",11001,"N11001PL7_4942_0000",25299.4434082171
"395",51510,"N51510PL7_4965_0000",64488.7748041254
"396",51049,"N51049JL7_7100_7030",751.592798926329
"397",51075,"N51075JL7_7100_7030",2255.14431166368
"398",51011,"N51011JL2_7110_7120",20605.6481134684
"399",51029,"N51029JL2_7110_7120",691.429773820024
"400",51029,"N51029JL2_7120_6970",27255.6026418742
"401",51029,"N51029JL6_7150_6890",26328.3631380724
"402",51125,"N51125JL6_7150_6890",12148.5807995366
"403",51009,"N51009JL6_7160_7440",4602.89842648093
"404",51009,"H51009JL6_7160_7440",15824.2109639633
"405",51019,"N51019JL6_7160_7440",8716.44265865998
"406",51049,"N51049JL1_7170_6800",968.757351170262
"407",51145,"N51145JL1_7170_6800",2134.28732893056
"408",51009,"N51009JL1_7190_7250",8192.06922418862
"409",51125,"N51125JL1_7190_7250",14138.5016506852
"410",51125,"N51125JL1_7200_7250",23405.952505003
"411",51009,"N51009JL2_7240_7350",23228.3904662786
"412",51009,"H51009JL2_7240_7350",5068.96192808363
"413",51125,"N51125JL2_7240_7350",18176.219456855
"414",51009,"N51009JL2_7250_7090",4118.67311651742
"415",51125,"N51125JL2_7250_7090",38996.2728065763
"416",51011,"N51011JL6_7320_7150",20104.4405967759
"417",51029,"N51029JL6_7320_7150",31778.4649821725
"418",51125,"N51125JL6_7320_7150",18699.1165084178
"419",51009,"N51009JL2_7350_7090",8009.40760864858
"420",51125,"N51125JL2_7350_7090",6132.00638289717
"421",51009,"N51009JL6_7430_7320",17761.5258366918
"422",51011,"N51011JL6_7430_7320",3946.78983896405
"423",51125,"N51125JL6_7430_7320",6509.25447261582
"424",51009,"N51009JL6_7440_7430",12987.26972227
"425",51011,"N51011JL6_7440_7430",18762.2277135882
"426",51019,"N51019JL6_7440_7430",20189.0487978567
"427",51031,"N51031JL6_7440_7430",1834.4984594597
"428",51680,"N51680JL6_7440_7430",7215.75553858809
"429",51011,"N51011JL1_7530_7430",19839.3276614293
"430",51031,"N51031JL1_7530_7430",13395.0273773373
"431",51017,"N51017JU1_6290_6590",24502.8298769044
"432",51091,"N51091JU1_6290_6590",4794.07706881172
"433",51017,"N51017JU1_6300_6650",11690.9171685036
"434",51091,"N51091JU1_6300_6650",2915.83041155475
"435",51091,"L51091JU1_6300_6650",11961.8255717611
"436",51017,"N51017JU1_6340_6650",8644.09028249611
"437",51091,"N51091JU1_6340_6650",7238.12301561729
"438",51091,"L51091JU1_6340_6650",29053.6349121154
"439",51017,"N51017JU3_6380_6900",6160.65432551788
"440",51091,"N51091JU3_6380_6900",12134.4434429529
"441",51015,"N51015JU2_6410_6640",1582.92533847477
"442",51163,"N51163JU2_6410_6640",5415.3629488117
"443",51017,"N51017JU1_6590_6600",18763.8040664613
"444",51017,"N51017JU2_6600_6810",30239.0465728896
"445",51015,"N51015JU3_6640_6790",2551.28517267943
"446",51017,"N51017JU3_6640_6790",14245.9201592765
"447",51163,"N51163JU3_6640_6790",5561.01962523329
"448",51005,"N51005JU3_6650_7300",12285.6906675271
"449",51017,"N51017JU3_6650_7300",7162.1910591896
"450",51023,"N51023JU3_6650_7300",3101.67795899572
"451",51023,"L51023JU3_6650_7300",58329.8651662892
"452",51163,"N51163JU3_6650_7300",16046.6558261823
"453",51015,"N51015JU3_6790_7260",28299.5610270281
"454",51163,"N51163JU3_6790_7260",224.714183192898
"455",51678,"N51678JU3_6790_7260",8513.80883473352
"456",51017,"N51017JU2_6810_6900",12878.8464682299
"457",51015,"N51015JU1_6880_7260",13520.8559847124
"458",51015,"H51015JU1_6880_7260",23201.2340159551
"459",51163,"N51163JU1_6880_7260",12143.454479644
"460",51005,"N51005JU3_6900_6950",17571.2415529781
"461",51017,"N51017JU3_6900_6950",26207.6656843787
"462",51005,"N51005JU3_6950_7330",33853.5299856625
"463",51017,"N51017JU3_6950_7330",1969.39033448102
"464",51580,"N51580JU3_6950_7330",20061.6522675531
"465",51005,"N51005JU4_7000_7300",10941.8349865392
"466",51017,"N51017JU4_7000_7300",34667.538712097
"467",51023,"L51023JU4_7000_7300",11913.9527948907
"468",51580,"N51580JU4_7000_7300",7776.12423258069
"469",51005,"N51005JU2_7140_7330",18539.1303577671
"470",54063,"N54063JU2_7140_7330",23292.8534541533
"471",51023,"N51023JU2_7180_7380",23284.9988725577
"472",51163,"N51163JU2_7180_7380",5273.43984109833
"473",51163,"L51163JU2_7180_7380",8199.73579620104
"474",51163,"N51163JU4_7260_7380",20741.2045347201
"475",51530,"N51530JU4_7260_7380",6503.63239049333
"476",51005,"N51005JU5_7300_7510",25632.9898156193
"477",51023,"N51023JU5_7300_7510",18245.9804542954
"478",51023,"L51023JU5_7300_7510",16930.6487599688
"479",51163,"N51163JU5_7300_7510",7384.50259388871
"480",51005,"N51005JU4_7330_7000",15954.6915689455
"481",51580,"N51580JU4_7330_7000",15653.2209404249
"482",51005,"N51005JU2_7360_7000",20656.4175037124
"483",51163,"N51163JU4_7380_7160",2367.33318827885
"484",51005,"N51005JU3_7400_7510",8275.10013215342
"485",51023,"N51023JU3_7400_7510",1888.37678745705
"486",51023,"L51023JU3_7400_7510",27944.8474754912
"487",51023,"N51023JU5_7420_7160",190352.721816513
"488",51023,"H51023JU5_7420_7160",12308.7245929014
"489",51163,"N51163JU5_7420_7160",435.573833359324
"490",51005,"N51005JU2_7450_7360",3350.80442235541
"491",51045,"N51045JU2_7450_7360",62072.6609161374
"492",51045,"H51045JU2_7450_7360",10149.4906322222
"493",51071,"N51071JU2_7450_7360",1614.1388822211
"494",54063,"N54063JU2_7450_7360",2083.72814618916
"495",51005,"N51005JU3_7490_7400",13017.0236211202
"496",51023,"N51023JU3_7490_7400",8003.804994881
"497",51023,"L51023JU3_7490_7400",9389.48453407282
"498",51045,"N51045JU3_7490_7400",9016.64346347628
"499",51045,"H51045JU3_7490_7400",9625.69414972771
"500",51023,"N51023JU5_7500_7420",10539.544957411
"501",51023,"H51023JU5_7500_7420",13375.8760453072
"502",51023,"N51023JU5_7510_7500",10663.3885147862
"503",11001,"N11001PL2_4945_0000",4509.58368500493
"504",24033,"N24033PL0_4961_0000",16747.1281844978
"505",51059,"N51059PL2_4970_5250",13608.455175142
"506",51061,"N51061PL2_4970_5250",21941.9879798692
"507",51107,"N51107PL2_4970_5250",29095.062275195
"508",51153,"N51153PL2_4970_5250",11276.6680546271
"509",51600,"N51600PL2_4970_5250",20851.4228772085
"510",51683,"N51683PL2_4970_5250",11955.7127123565
"511",51685,"N51685PL2_4970_5250",3521.3567050248
"512",51059,"N51059PL0_5000_0001",29117.3508171736
"513",51610,"N51610PL0_5000_0001",45775.3199423294
"514",51510,"N51510PL0_5000_0001",53657.022760592
"515",51059,"N51059PL0_5010_5130",60032.9944670937
"516",51600,"N51600PL0_5010_5130",15247.6404111893
"517",24033,"N24033PL1_5060_0000",603.306905043022
"518",24033,"N24033PL1_5061_0000",18906.7132108495
"519",24033,"N24033PL0_5070_0001",35868.2752673787
"520",51059,"N51059PL0_5090_0000",5110.87246386633
"521",51510,"N51510PL0_5090_0000",354.620839561949
"522",51059,"N51059PL1_5130_0001",2416.84341087005
"523",51059,"N51059PL0_5131_0000",16831.8377948823
"524",51600,"N51600PL0_5131_0000",45403.2046258337
"525",51153,"N51153PL3_5360_5250",25254.1214973266
"526",51683,"N51683PL3_5360_5250",39743.345274822
"527",51061,"N51061PL1_5370_5470",17930.6577043619
"528",24017,"N24017PL0_5440_0000",52885.7888848724
"529",24017,"N24017PL0_5450_0000",29563.8997352983
"530",51061,"N51061PL2_5470_5360",8780.80286922182
"531",51153,"N51153PL2_5470_5360",80032.4158030358
"532",51153,"N51153PL0_5490_0001",74689.5817952349
"533",51153,"N51153PL0_5493_0000",10054.448451465
"534",51179,"N51179PL0_5493_0000",10853.719014567
"535",24017,"N24017PL0_5510_0001",25000.0007377585
"536",24037,"N24037PL0_5510_0001",20547.3251320753
"537",24017,"N24017PL0_5530_5710",22203.6798158463
"538",51153,"N51153PL0_5540_5490",344.073117796761
"539",24017,"N24017PL0_5580_0000",18053.1593911738
"540",24017,"N24017PL0_5581_0000",4133.36676669744
"541",24017,"N24017PL0_5582_0000",1089.42954373367
"542",24017,"N24017PL0_5583_0000",2855.86248518991
"543",24017,"N24017PL0_5584_0000",26439.2525776477
"544",24017,"N24017PL0_5585_0000",2373.40124240812
"545",24017,"N24017PL2_5630_0001",98691.9788206789
"546",24017,"N24017PL0_5670_0000",444.051953735061
"547",24037,"N24037PL0_5670_0000",5283.26899966834
"548",24017,"N24017PL0_5671_0000",1657.03715862341
"549",24037,"N24037PL0_5671_0000",95616.9851420117
"550",24037,"N24037PL0_5672_0000",18710.9682761419
"551",51153,"N51153PL1_5690_0001",42510.9077361972
"552",51179,"N51179PL1_5690_0001",56664.4148116596
"553",24017,"N24017PL0_5710_0001",6315.51711026348
"554",24017,"N24017PL0_5720_0001",127851.200924187
"555",51061,"N51061PL0_5730_5690",15341.0422367064
"556",51179,"N51179PL0_5730_5690",219995.487240095
"557",24037,"N24037PL0_5750_0001",93024.2278848695
"558",24017,"N24017PL0_5790_0000",60084.6056751245
"559",24017,"N24017PL0_5930_0000",14042.86455536
"560",24037,"N24037PL0_5950_0000",58088.3208879891
"561",24037,"N24037PL0_5951_0000",1420.14703461981
"562",24037,"N24037PL0_5952_0000",47924.6050770593
"563",24037,"N24037PL0_5960_0000",202753.171203616
"564",24037,"N24037PL0_5961_0000",53302.8774367617
"565",24037,"N24037PL0_5962_0000",75540.7878365025
"566",24037,"N24037PL0_5980_0000",1484.29514218049
"567",24037,"N24037PL0_5981_0000",77824.3059614073
"568",24037,"N24037PL0_5982_0000",7835.68889510212
"569",24037,"N24037PL0_5983_0000",16942.5929157872
"570",24037,"N24037PL0_6020_0000",2809.29510735073
"571",24037,"N24037PL0_6060_0000",64530.4780543616
"572",51099,"N51099PL0_6100_0000",116140.256976999
"573",51193,"N51193PL0_6100_0000",39632.489628257
"574",24037,"N24037PL0_6110_0000",30929.5300637922
"575",51193,"N51193PL0_6130_0000",52106.2364722784
"576",51133,"N51133PL0_6140_0000",76872.2112732748
"577",51193,"N51193PL0_6140_0000",70033.8627050506
"578",51133,"N51133PL0_6270_0000",24434.7729226564
"579",24013,"N24013PM2_2860_3040",251583.977672894
"580",24021,"N24021PM2_2860_3040",42522.3455721463
"581",42001,"N42001PM2_2860_3040",578.58282173604
"582",24013,"N24013PM3_3040_3340",13614.2306292091
"583",24021,"N24021PM3_3040_3340",46603.2787937579
"584",24021,"H24021PM3_3040_3340",17438.247936061
"585",42001,"N42001PM3_3040_3340",26067.0210490081
"586",42055,"N42055PM3_3040_3340",25082.4725991251
"587",24013,"N24013PM1_3120_3400",33885.045218666
"588",24021,"N24021PM4_3340_3341",31574.1919989221
"589",24021,"H24021PM4_3340_3341",169019.644070824
"590",24021,"N24021PM4_3341_4040",109288.266344272
"591",24013,"N24013PM2_3400_3340",3985.94057273674
"592",24021,"N24021PM2_3400_3340",84693.1429197033
"593",24013,"N24013PM1_3450_3400",136515.721117985
"594",24021,"N24021PM1_3450_3400",1099.72308316039
"595",24021,"N24021PM1_3510_4000",37498.3257160295
"596",24021,"H24021PM1_3510_4000",539.576672618916
"597",24013,"N24013PM1_3711_3710",113215.296053318
"598",24021,"N24021PM1_3710_4040",127455.734642285
"599",24021,"N24021PM1_4000_4290",4169.76435969926
"600",24021,"N24021PM4_4040_4410",7527.09002607777
"601",24031,"N24031PM4_4040_4410",2572.61921919639
"602",24021,"N24021PM7_4150_4290",6135.8498307185
"603",24043,"N24043PM7_4150_4290",3162.4378267964
"604",51107,"N51107PM7_4150_4290",44774.3120515932
"605",24021,"N24021PM7_4200_4410",365.115132773895
"606",51107,"N51107PM7_4200_4410",25525.2173406543
"607",24031,"N24031PM1_4252_4250",16207.2040606005
"608",24021,"N24021PM7_4290_4200",52555.8587734689
"609",51107,"N51107PM7_4290_4200",18435.7081800327
"610",24021,"N24021PM7_4410_4620",46599.7833105347
"611",51107,"N51107PM7_4410_4620",121926.621701746
"612",24031,"N24031PM7_4410_4620",41826.3023112833
"613",51107,"N51107PM1_4430_4200",36682.3712784456
"614",24031,"N24031PM1_4500_4580",61577.0334197256
"615",51059,"N51059PM7_4580_4820",45423.7096412305
"616",51600,"N51600PM7_4580_4820",21254.584020224
"617",24031,"N24031PM7_4580_4820",40644.4801353982
"618",51059,"N51059PM7_4620_4580",50234.0534164695
"619",51107,"N51107PM7_4620_4580",17728.1369116077
"620",24031,"N24031PM7_4620_4580",1509.99470385662
"621",24031,"N24031PM0_4640_4820",120909.071343103
"622",51107,"N51107PM3_4660_4620",69038.5066236634
"623",51061,"N51061PM3_4670_4660",83538.7352811
"624",51107,"N51107PM3_4670_4660",83388.871811714
"625",51061,"N51061PM2_4860_4670",91536.005964504
"626",51107,"N51107PM2_4860_4670",125954.467157409
"627",54037,"N54037PS5_4370_4150",107738.749568698
"628",51043,"N51043PS5_4380_4370",30766.059801457
"629",51061,"N51061PS5_4380_4370",73098.0747425309
"630",51069,"N51069PS5_4380_4370",412.676762617743
"631",51187,"N51187PS5_4380_4370",39537.5970069539
"632",54037,"N54037PS5_4380_4370",31328.9696518416
"633",51069,"N51069PS1_4790_4830",37100.1957911895
"634",51171,"N51171PS1_4790_4830",17114.5554920345
"635",51069,"N51069PS1_4830_5080",20786.1330508195
"636",51171,"N51171PS1_4830_5080",9168.4464773468
"637",51187,"N51187PS1_4830_5080",76865.2264411792
"638",51069,"N51069PS4_5080_4380",21461.7481735415
"639",51139,"N51139PS4_5080_4380",9363.95788273681
"640",51171,"N51171PS4_5080_4380",35712.9606883646
"641",51187,"N51187PS4_5080_4380",38241.1052743396
"642",51171,"N51171PS3_5100_5080",40310.8209418725
"643",51187,"N51187PS3_5100_5080",37746.2844082402
"644",51187,"N51187PS5_5200_4380",7882.61611110671
"645",51139,"N51139PS5_5240_5200",5718.556913076
"646",51139,"H51139PS5_5240_5200",85446.4149813576
"647",51187,"N51187PS5_5240_5200",30298.8131134512
"648",51165,"N51165PS2_5550_5560",87556.0708313722
"649",51165,"H51165PS2_5550_5560",129720.202930026
"650",51171,"N51171PS2_5550_5560",12408.6342899715
"651",54031,"N54031PS2_5550_5560",70092.9626687229
"652",51165,"N51165PS2_5560_5100",1882.57768310938
"653",51171,"N51171PS2_5560_5100",343631.764083536
"654",51660,"N51660PS2_5560_5100",82251.243267012
"655",51139,"N51139PS4_5840_5240",1731.3033006014
"656",51139,"H51139PS4_5840_5240",129940.790244007
"657",51165,"N51165PS4_5840_5240",20956.2949998656
"658",51165,"H51165PS4_5840_5240",55425.8591356865
"659",51015,"N51015PS3_5990_6161",72962.4368033545
"660",51015,"L51015PS3_5990_6161",13655.4562764269
"661",51165,"N51165PS3_5990_6161",62369.5413241068
"662",51165,"H51165PS3_5990_6161",54288.1891936999
"663",51165,"N51165PS0_6150_6160",24402.6325994256
"664",51660,"N51660PS0_6150_6160",19825.0572141753
"665",51165,"N51165PS0_6160_6161",89721.4551616729
"666",51660,"N51660PS0_6160_6161",7084.31905161137
"667",51165,"N51165PS3_6161_6280",4156.32111294554
"668",51165,"N51165PS4_6230_6360",4088.67523386648
"669",51015,"L51015PS3_6280_6230",1864.78085931375
"670",51165,"N51165PS3_6280_6230",131273.086209411
"671",51165,"N51165PS4_6360_5840",44214.0229043043
"672",51165,"H51165PS4_6360_5840",1506.68391592203
"673",51015,"N51015PS2_6420_6360",17808.9130516502
"674",51015,"H51015PS2_6420_6360",116.989120882507
"675",51165,"N51165PS2_6420_6360",19649.0859588013
"676",51165,"H51165PS2_6420_6360",28287.0033526604
"677",51015,"N51015PS3_6460_6230",8467.87252756013
"678",51015,"L51015PS3_6460_6230",139614.082343095
"679",51790,"N51790PS3_6460_6230",43888.9751880076
"680",51015,"N51015PS2_6490_6420",3996.46657325675
"681",51015,"H51015PS2_6490_6420",16794.9989213828
"682",51165,"H51165PS2_6490_6420",6346.83537646222
"683",51820,"N51820PS2_6490_6420",209981.147311697
"684",51015,"N51015PS2_6660_6490",11958.5860908875
"685",51015,"H51015PS2_6660_6490",64248.9537995054
"686",51820,"N51820PS2_6660_6490",54768.5952999781
"687",51015,"N51015PS2_6730_6660",7245.89357906538
"688",51015,"H51015PS2_6730_6660",76731.0724978933
"689",51820,"N51820PS2_6730_6660",64288.0817687338
"690",24043,"N24043PU3_2510_3290",30889.1507536295
"691",42055,"N42055PU3_2510_3290",186944.473782972
"692",42099,"N42099PU3_2510_3290",125310.419096687
"693",42001,"N42001PU2_2790_3290",271.046840665432
"694",42041,"N42041PU2_2790_3290",29998.3818654676
"695",42055,"N42055PU2_2790_3290",154221.879626969
"696",24043,"N24043PU2_2840_3080",3509.17439237391
"697",42055,"N42055PU2_2840_3080",23061.1245550722
"698",42057,"N42057PU2_2840_3080",23819.8137727252
"699",24043,"N24043PU0_3000_3090",28504.9851193581
"700",42001,"N42001PU0_3000_3090",318483.01747538
"701",42055,"N42055PU0_3000_3090",59927.0277363483
"702",24043,"N24043PU1_3030_3440",5844.41125648068
"703",42057,"N42057PU1_3030_3440",977.500399259964
"704",24043,"N24043PU2_3080_3640",30396.3119997743
"705",42055,"N42055PU2_3080_3640",10194.8072608847
"706",24043,"N24043PU2_3090_4050",9815.19014214703
"707",42055,"N42055PU2_3090_4050",49050.2552496901
"708",24001,"N24001PU1_3100_3690",1342.33053529733
"709",24043,"N24043PU1_3100_3690",4118.63387467565
"710",42009,"N42009PU1_3100_3690",189610.979351921
"711",42057,"N42057PU1_3100_3690",89240.1595657342
"712",24001,"N24001PU2_3140_3680",270456.888971806
"713",42009,"N42009PU2_3140_3680",1215.18640960077
"714",42111,"N42111PU2_3140_3680",91386.26205734
"715",42009,"N42009PU1_3170_3580",2654.94682707783
"716",24001,"N24001PU2_3180_3370",59404.0755516091
"717",42009,"N42009PU2_3180_3370",89480.3623685666
"718",24043,"N24043PU3_3290_3390",233334.472091012
"719",42055,"N42055PU3_3290_3390",144898.357566551
"720",24001,"N24001PU2_3370_4020",6722.92526112085
"721",42009,"N42009PU2_3370_4020",12724.8945125511
"722",24043,"N24043PU3_3390_3730",10759.3414284862
"723",42055,"N42055PU3_3390_3730",9082.4022867505
"724",24043,"N24043PU6_3440_3590",76290.6646589029
"725",42057,"N42057PU6_3440_3590",48922.5932223928
"726",54065,"N54065PU6_3440_3590",65822.7768777488
"727",24043,"N24043PU6_3530_3440",87627.113523558
"728",54065,"N54065PU6_3530_3440",4784.7012723235
"729",24001,"N24001PU1_3580_3780",20400.2850018589
"730",42009,"N42009PU1_3580_3780",228680.66848761
"731",24043,"N24043PU6_3590_3640",67300.4257159797
"732",54065,"N54065PU6_3590_3640",7058.52674727918
"733",24043,"N24043PU6_3600_3602",103241.864975201
"734",54003,"N54003PU6_3600_3602",18964.7251090612
"735",24043,"N24043PU0_3601_3602",4953.62746003666
"736",42055,"N42055PU0_3601_3602",1541.17436709271
"737",24043,"N24043PU6_3602_3730",7907.73458298052
"738",54003,"N54003PU6_3602_3730",2736.31118555426
"739",24043,"N24043PU6_3610_3530",58685.8379766806
"740",54065,"N54065PU6_3610_3530",91608.1743730809
"741",24043,"N24043PU0_3611_3530",194280.835895862
"742",42057,"N42057PU0_3611_3530",39071.2346157725
"743",51069,"N51069PU2_3630_3590",108449.28405716
"744",54003,"N54003PU2_3630_3590",78123.4060163026
"745",54065,"N54065PU2_3630_3590",16233.8079029253
"746",24043,"N24043PU6_3640_3600",26949.3260350496
"747",54003,"N54003PU6_3640_3600",779.853031956599
"748",54065,"N54065PU6_3640_3600",90869.8758374595
"749",24001,"N24001PU3_3680_3890",26648.9660509869
"750",42111,"N42111PU3_3680_3890",27569.4957620338
"751",24043,"N24043PU6_3690_3610",12725.7407976945
"752",54065,"N54065PU6_3690_3610",52367.6869714431
"753",24043,"N24043PU6_3730_3750",6052.44563603985
"754",54003,"N54003PU6_3730_3750",3942.77075191342
"755",24043,"N24043PU6_3750_3752",1303.44051601835
"756",54003,"N54003PU6_3750_3752",44876.3327550338
"757",54037,"N54037PU6_3750_3752",9696.95192932543
"758",24043,"N24043PU0_3751_3752",5507.16889382146
"759",24043,"N24043PU6_3752_4080",3175.97713929809
"760",54037,"N54037PU6_3752_4080",4460.58314002761
"761",51069,"N51069PU2_3770_3600",65012.7727464926
"762",54003,"N54003PU2_3770_3600",28091.403576684
"763",54065,"N54065PU2_3770_3600",8184.65305411793
"764",24001,"N24001PU4_3780_3930",229845.137418631
"765",54057,"N54057PU4_3780_3930",153651.19171684
"766",24001,"N24001PU1_3850_4190",71977.1783243268
"767",24023,"N24023PU1_3850_4190",31747.8344540968
"768",54027,"N54027PU3_3860_3610",69439.6927541266
"769",54065,"N54065PU3_3860_3610",146103.000023305
"770",24001,"N24001PU6_3870_3690",62846.7623002968
"771",54027,"N54027PU6_3870_3690",6107.4839020648
"772",54065,"N54065PU6_3870_3690",58295.4083624819
"773",24001,"N24001PU0_3871_3690",84967.3242373391
"774",42009,"N42009PU0_3871_3690",165305.609959601
"775",24001,"N24001PU4_3890_3990",45356.1263068595
"776",54057,"N54057PU4_3890_3990",76423.2973057127
"777",54003,"N54003PU2_3900_3750",46831.2092758105
"778",54037,"N54037PU2_3900_3750",8524.55986626514
"779",24001,"N24001PU5_3930_4170",14222.4848794133
"780",54027,"N54027PU5_3930_4170",2273.32802254111
"781",54057,"N54057PU5_3930_4170",8572.07108419203
"782",24001,"N24001PU1_3940_3970",79797.8038836302
"783",24023,"N24023PU1_3940_3970",115667.053019201
"784",24001,"N24001PU4_3970_3890",69590.3680096888
"785",54023,"N54023PU4_3970_3890",60378.1970654674
"786",54057,"N54057PU4_3970_3890",74243.0710096317
"787",54057,"H54057PU4_3970_3890",24500.5168222499
"788",24001,"N24001PU4_3990_3780",273327.007476498
"789",54057,"N54057PU4_3990_3780",44450.7968715433
"790",24001,"N24001PU6_4020_3870",661.241295270561
"791",54027,"N54027PU6_4020_3870",137668.710884579
"792",54065,"N54065PU6_4020_3870",57288.1507167493
"793",24043,"N24043PU2_4050_4180",18180.6752433058
"794",24043,"N24043PU6_4080_4180",97556.0424827854
"795",54037,"N54037PU6_4080_4180",225635.046067474
"796",54057,"N54057PU2_4160_3930",41542.0764793791
"797",24001,"N24001PU5_4170_4020",652.532274702401
"798",54027,"N54027PU5_4170_4020",2642.90150410679
"799",24043,"N24043PU6_4180_4150",903.125967298725
"800",54037,"N54037PU6_4180_4150",61057.4649759187
"801",24023,"N24023PU1_4190_4300",14911.7254964396
"802",54027,"N54027PU4_4210_4170",180089.073260863
"803",51043,"N51043PU2_4220_3900",12177.5824531325
"804",51069,"N51069PU2_4220_3900",416.27405109629
"805",51840,"N51840PU2_4220_3900",28701.4913549769
"806",54003,"N54003PU2_4220_3900",7812.78531684631
"807",54037,"N54037PU2_4220_3900",52540.498764862
"808",54027,"N54027PU3_4280_3860",369593.21918167
"809",54031,"N54031PU3_4280_3860",49492.1513647918
"810",54031,"H54031PU3_4280_3860",35922.6384720819
"811",24023,"N24023PU1_4300_4440",71361.9442013916
"812",54027,"N54027PU4_4310_4210",700.137303098338
"813",54031,"N54031PU4_4310_4210",20839.0419004553
"814",54031,"H54031PU4_4310_4210",5265.49221701091
"815",54031,"L54031PU4_4310_4210",3746.82351898409
"816",54027,"N54027PU2_4340_3860",3266.59647639326
"817",54031,"N54031PU2_4340_3860",79025.5438156512
"818",54031,"H54031PU2_4340_3860",13421.783445969
"819",54023,"N54023PU2_4360_4160",63170.3546236736
"820",54023,"H54023PU2_4360_4160",60861.1086533571
"821",54023,"L54023PU2_4360_4160",97334.759363101
"822",54057,"N54057PU2_4360_4160",46327.7247870632
"823",24001,"N24001PU4_4440_3970",3161.18009482485
"824",54057,"N54057PU4_4440_3970",5076.06061074494
"825",54057,"H54057PU4_4440_3970",74221.4928935387
"826",24023,"N24023PU3_4450_4440",3049.28718684323
"827",24023,"H24023PU3_4451_4450",4478.92107774273
"828",54023,"N54023PU3_4451_4450",1543.74421859788
"829",54023,"H54023PU3_4451_4450",6069.27481066033
"830",54057,"N54057PU3_4451_4450",8266.05194657201
"831",54057,"H54057PU3_4451_4450",8877.26783481253
"832",24023,"N24023PU2_4720_4750",3182.11460818865
"833",24023,"H24023PU2_4720_4750",2753.42439614424
"834",54023,"H54023PU2_4720_4750",38332.4044411231
"835",54077,"N54077PU2_4720_4750",1316.04239372941
"836",51043,"N51043PU2_4730_4220",162141.005891965
"837",51069,"N51069PU2_4730_4220",1184.78730645467
"838",51840,"N51840PU2_4730_4220",2659.80980050386
"839",24023,"N24023PU2_4750_4451",61178.7173229612
"840",54023,"H54023PU2_4750_4451",315375.426252518
"841",54023,"N54023PU1_4760_4451",4094.17226798747
"842",54023,"H54023PU1_4760_4451",4764.1903664229
"843",54057,"H54057PU1_4760_4451",19054.2789080513
"844",54023,"N54023PU1_4840_4760",8233.88892752383
"845",54023,"H54023PU1_4840_4760",26315.5018760207
"846",54023,"N54023PU4_5050_4310",27618.701404771
"847",54023,"H54023PU4_5050_4310",101494.701687697
"848",54023,"L54023PU4_5050_4310",307.257056677613
"849",54031,"N54031PU4_5050_4310",45851.1934890177
"850",54031,"L54031PU4_5050_4310",92931.5988660137
"851",54071,"N54071PU4_5050_4310",282.667945212558
"852",54071,"L54071PU4_5050_4310",9996.75049279322
"853",54031,"N54031PU2_5190_4310",80357.2404582553
"854",54031,"H54031PU2_5190_4310",68747.7243823665
"855",54031,"L54031PU2_5190_4310",36619.5145715911
"856",54071,"N54071PU2_5190_4310",24401.2142816548
"857",54071,"L54071PU2_5190_4310",15226.4758636832
"858",54023,"N54023PU3_5210_5050",51286.9275322148
"859",54023,"H54023PU3_5210_5050",250983.796110113
"860",54023,"L54023PU3_5210_5050",169.139727861791
"861",54071,"N54071PU3_5210_5050",10081.6475145396
"862",54071,"H54071PU3_5210_5050",1978.54290161228
"863",54023,"N54023PU1_5380_5050",76868.5196629529
"864",54023,"L54023PU1_5380_5050",1273.62207772023
"865",54071,"N54071PU1_5380_5050",236697.283538213
"866",54071,"L54071PU1_5380_5050",2799.39433304253
"867",54071,"N54071PU1_5520_5210",27359.7281135403
"868",54071,"H54071PU1_5520_5210",18489.7992690412
"869",54023,"N54023PU0_5620_5380",162171.755708233
"870",54071,"N54071PU0_5620_5380",18575.0408900362
"871",54071,"H54071PU0_5620_5380",3230.5884924586
"872",54071,"L54071PU0_5620_5380",21941.9201318321
"873",51091,"N51091PU2_5700_5210",15803.2573662187
"874",54071,"N54071PU2_5700_5210",97587.3349751042
"875",54071,"H54071PU2_5700_5210",668.841992112895
"876",54071,"N54071PU1_5820_5380",13968.0880888792
"877",54071,"H54071PU1_5820_5380",9009.75496937121
"878",54071,"L54071PU1_5820_5380",102556.057718835
"879",51091,"N51091PU2_6050_5190",15999.5447953526
"880",54071,"N54071PU2_6050_5190",143839.872888279
"881",54071,"L54071PU2_6050_5190",2500.14301742871
"882",51091,"N51091PU0_6080_5620",97486.0858011553
"883",54071,"N54071PU0_6080_5620",3197.61114251096
"884",54071,"H54071PU0_6080_5620",31998.6505417497
"885",54071,"L54071PU0_6080_5620",53693.0021170709
"886",51033,"N51033RL5_6070_0000",15135.0482011815
"887",51057,"N51057RL5_6070_0000",108888.516094744
"888",51099,"N51099RL5_6070_0000",72972.3890132174
"889",51177,"N51177RL5_6070_0000",20884.9420927018
"890",51179,"N51179RL5_6070_0000",43470.6239142718
"891",51193,"N51193RL5_6070_0000",33782.8623162323
"892",51630,"N51630RL5_6070_0000",36944.4700285923
"893",51159,"N51159RL1_6180_0001",197019.099379685
"894",51193,"N51193RL1_6180_0001",93350.3135554975
"895",51057,"N51057RL5_6320_0000",3619.65020581506
"896",51057,"N51057RL5_6321_0000",208264.785964134
"897",51159,"N51159RL5_6321_0000",1453.40589320528
"898",51159,"N51159RL1_6322_0000",5717.27057016417
"899",51193,"N51193RL1_6322_0000",56810.0578277565
"900",51047,"N51047RU2_5220_5640",35655.1524359141
"901",51061,"N51061RU2_5220_5640",270.535790431455
"902",51157,"N51157RU2_5220_5640",68939.1461021573
"903",51157,"H51157RU2_5220_5640",1464.0038163065
"904",51157,"L51157RU2_5220_5640",15788.9964129637
"905",51187,"N51187RU2_5220_5640",41644.4908251683
"906",51047,"N51047RU2_5500_5610",314.643301177405
"907",51157,"N51157RU2_5500_5610",140642.094892564
"908",51157,"H51157RU2_5500_5610",12442.1916141901
"909",51157,"L51157RU2_5500_5610",74209.5646121944
"910",51047,"N51047RU3_5610_5640",107170.037824173
"911",51157,"L51157RU3_5610_5640",32586.6121783668
"912",51047,"N51047RU4_5640_6030",801.820204586849
"913",51061,"N51061RU4_5640_6030",43981.2973125917
"914",51179,"N51179RU4_5640_6030",12513.6506273068
"915",51047,"N51047RU2_5810_5610",84578.3572143837
"916",51113,"N51113RU2_5810_5610",53578.2047394232
"917",51113,"H51113RU2_5810_5610",210674.77891139
"918",51157,"N51157RU2_5810_5610",37526.4417969787
"919",51157,"H51157RU2_5810_5610",131444.363344017
"920",51047,"N51047RU2_5940_6200",56951.5302316336
"921",51113,"N51113RU2_5940_6200",121566.244131756
"922",51113,"H51113RU2_5940_6200",141172.154182589
"923",51177,"N51177RU5_6030_0001",160157.890767074
"924",51179,"N51179RU5_6030_0001",114517.603872938
"925",51630,"N51630RU5_6030_0001",43097.2941119906
"926",51047,"N51047RU4_6040_6030",89942.1462476808
"927",51137,"N51137RU4_6040_6030",11195.6462345731
"928",51177,"N51177RU4_6040_6030",13423.0568522371
"929",51079,"N51079RU2_6090_6220",27491.6819901021
"930",51079,"H51079RU2_6090_6220",15969.9632567592
"931",51079,"L51079RU2_6090_6220",38616.409953741
"932",51113,"N51113RU2_6090_6220",17140.343116485
"933",51113,"H51113RU2_6090_6220",99009.2718766469
"934",51047,"N51047RU3_6170_6040",59615.4486941918
"935",51137,"N51137RU3_6170_6040",3598.02200205022
"936",51047,"N51047RU2_6200_6170",33183.6959188739
"937",51113,"N51113RU2_6200_6170",20717.7074900528
"938",51003,"N51003RU2_6220_6170",25339.0631750215
"939",51079,"L51079RU2_6220_6170",27988.0484196735
"940",51113,"N51113RU2_6220_6170",7238.30174185751
"941",51137,"N51137RU2_6220_6170",30634.8030450188
"942",42027,"N42027SJ2_1900_1930",22264.785713673
"943",42087,"N42087SJ2_1900_1930",18824.4636242123
"944",42109,"N42109SJ2_1900_1930",7915.85861796596
"945",42067,"N42067SJ6_1930_1970",15545.8072552183
"946",42087,"N42087SJ6_1930_1970",24556.1544798771
"947",42109,"N42109SJ6_1930_1970",3616.55238322834
"948",42067,"N42067SJ6_1970_2130",23223.0935055302
"949",42099,"N42099SJ6_1970_2130",18770.5898055364
"950",42109,"N42109SJ6_1970_2130",433.313955703302
"951",42027,"N42027SJ3_1980_2060",295.580106398127
"952",42061,"N42061SJ3_1980_2060",14574.8209642526
"953",42027,"N42027SJ4_2010_2210",9316.65766059952
"954",42061,"N42061SJ4_2010_2210",34721.6538182889
"955",42013,"N42013SJ3_2040_1980",19819.6668411781
"956",42013,"H42013SJ3_2040_1980",76559.6035291306
"957",42021,"N42021SJ3_2040_1980",16002.7307229123
"958",42027,"N42027SJ3_2040_1980",108588.553058951
"959",42061,"N42061SJ3_2040_1980",870.669714722567
"960",42061,"N42061SJ4_2060_2010",116289.470973292
"961",42067,"N42067SJ2_2110_2170",14989.8682044449
"962",42087,"N42087SJ2_2110_2170",7524.46820686718
"963",42061,"N42061SJ5_2120_1930",16035.2937366687
"964",42087,"N42087SJ5_2120_1930",19569.0798565738
"965",42099,"N42099SJ6_2130_2050",99951.8655102445
"966",42067,"N42067SJ2_2150_2130",340599.972759706
"967",42099,"N42099SJ2_2150_2130",5238.23863426706
"968",42055,"N42055SJ3_2160_2170",706.275163939853
"969",42061,"N42061SJ3_2160_2170",616.833194798854
"970",42067,"N42067SJ3_2160_2170",10610.9188275014
"971",42099,"N42099SJ3_2160_2170",44849.144929738
"972",42067,"N42067SJ3_2170_1970",1279.003397659
"973",42061,"N42061SJ5_2210_2320",1568.38644669877
"974",42087,"N42087SJ5_2210_2320",1825.58038939173
"975",42009,"N42009SJ3_2230_2060",136602.142341668
"976",42013,"N42013SJ3_2230_2060",140323.427886554
"977",42061,"N42061SJ3_2230_2060",77402.4423475296
"978",42009,"N42009SJ3_2250_2230",140154.528338261
"979",42013,"N42013SJ3_2250_2230",115850.690685322
"980",42013,"H42013SJ3_2250_2230",124648.494844827
"981",42021,"N42021SJ3_2250_2230",515.504613389032
"982",42061,"N42061SJ1_2280_2450",31089.4477332761
"983",42067,"N42067SJ1_2280_2450",158246.187943188
"984",42061,"N42061SJ5_2320_2120",77904.0423908763
"985",42087,"N42087SJ5_2320_2120",43907.3310005298
"986",42061,"N42061SJ4_2340_2210",9676.24002393056
"987",42009,"N42009SJ4_2360_2340",1890.91909309158
"988",42057,"N42057SJ4_2360_2340",53511.9025945759
"989",42061,"N42061SJ4_2360_2340",40020.2571120255
"990",42061,"N42061SJ3_2450_2120",87013.8819678281
"991",42061,"N42061SJ2_2500_2450",109104.05174385
"992",42009,"N42009SJ2_2530_2820",375.819856396528
"993",42013,"H42013SJ2_2530_2820",57523.0208315642
"994",42021,"N42021SJ2_2530_2820",24439.8098148297
"995",42009,"N42009SJ2_2570_2660",6537.8245767586
"996",42013,"N42013SJ2_2570_2660",184110.55617838
"997",42009,"N42009SJ2_2580_2500",10187.5584727166
"998",42057,"N42057SJ2_2580_2500",155720.581644285
"999",42061,"N42061SJ2_2580_2500",5544.21321069431
"1000",42009,"N42009SJ4_2660_2360",15899.9618448762
"1001",42061,"N42061SJ4_2660_2360",78169.000747136
"1002",42009,"N42009SJ4_2740_2660",3473.54711159667
"1003",42057,"N42057SJ4_2740_2660",17932.5841021919
"1004",42009,"N42009SJ2_2820_2740",3100.75044961776
"1005",42009,"N42009SJ2_2900_2740",815.646198426316
"1006",42111,"N42111SJ2_2900_2740",37309.6952943467
"1007",42037,"N42037SL2_1670_1880",24495.9856188736
"1008",42097,"N42097SL2_1670_1880",41742.7290864638
"1009",42107,"N42107SL2_1670_1880",51477.0169092023
"1010",42097,"N42097SL1_1700_1780",1230.8089397347
"1011",42027,"N42027SL3_1710_1740",6280.20470721795
"1012",42027,"H42027SL3_1710_1740",100823.48881448
"1013",42061,"N42061SL3_1710_1740",59133.617645171
"1014",42087,"N42087SL3_1710_1740",103651.111064773
"1015",42109,"N42109SL3_1710_1740",41533.2902760826
"1016",42119,"N42119SL3_1710_1740",2201.5449589729
"1017",42119,"H42119SL3_1710_1740",30517.5301819054
"1018",42037,"N42037SL1_1730_1700",34327.1965946294
"1019",42097,"N42097SL1_1730_1700",9664.32751108242
"1020",42109,"N42109SL3_1740_1840",52875.2807544528
"1021",42119,"N42119SL3_1740_1840",15891.2026405183
"1022",42097,"N42097SL8_1760_1780",8998.77061788345
"1023",42109,"N42109SL8_1760_1780",14708.6787066332
"1024",42119,"N42119SL8_1760_1780",27745.5200469748
"1025",42097,"N42097SL8_1780_1880",50627.8082756181
"1026",42109,"N42109SL8_1780_1880",6166.73331191635
"1027",42087,"N42087SL1_1790_1840",9603.84850128384
"1028",42109,"N42109SL1_1790_1840",1063.24375420845
"1029",42119,"N42119SL1_1790_1840",77369.9095453012
"1030",42043,"N42043SL2_1810_2030",25491.2413730068
"1031",42097,"N42097SL2_1810_2030",61796.7053394845
"1032",42107,"N42107SL2_1810_2030",68509.624761422
"1033",42109,"N42109SL3_1840_1880",1843.63835545716
"1034",42107,"N42107SL2_1850_1990",94482.9131259451
"1035",42043,"N42043SL8_1880_2030",244291.175891243
"1036",42067,"N42067SL8_1880_2030",223.720057351232
"1037",42097,"N42097SL8_1880_2030",839.733306308351
"1038",42099,"N42099SL8_1880_2030",30659.0348370746
"1039",42109,"N42109SL8_1880_2030",24110.1856747539
"1040",42043,"N42043SL3_1960_2080",40029.3726035867
"1041",42043,"H42043SL3_1960_2080",69827.6781747556
"1042",42107,"N42107SL3_1960_2080",31894.2003052841
"1043",42075,"N42075SL2_1990_2070",121002.970091255
"1044",42107,"N42107SL2_1990_2070",102343.061060354
"1045",42011,"N42011SL1_2000_2090",156168.927556828
"1046",42075,"N42075SL1_2000_2090",50909.0057151578
"1047",42043,"N42043SL8_2030_2080",259783.163823335
"1048",42067,"N42067SL8_2030_2080",6932.95763425048
"1049",42099,"N42099SL8_2030_2080",44391.5719368257
"1050",42041,"N42041SL9_2050_2270",3972.69147544283
"1051",42043,"N42043SL9_2050_2270",9304.01655721465
"1052",42043,"H42043SL9_2050_2270",41480.9225430756
"1053",42075,"N42075SL9_2050_2270",106968.440196805
"1054",42099,"N42099SL9_2050_2270",141261.454827683
"1055",42011,"N42011SL2_2070_2090",149723.048813799
"1056",42075,"N42075SL2_2070_2090",31109.1235775719
"1057",42043,"N42043SL8_2080_2050",18767.2634808007
"1058",42043,"H42043SL8_2080_2050",1873.32726259618
"1059",42099,"N42099SL8_2080_2050",104326.622366008
"1060",42075,"N42075SL4_2090_2100",4403.47709737038
"1061",42075,"N42075SL4_2100_2140",8027.81601072431
"1062",42043,"N42043SL4_2140_2240",5143.03370922454
"1063",42075,"N42075SL4_2140_2240",217884.165349166
"1064",42075,"N42075SL0_2180_2220",4082.21601897168
"1065",42011,"N42011SL1_2190_2350",66091.5034305279
"1066",42071,"N42071SL1_2190_2350",2604.89323754016
"1067",42075,"N42075SL1_2190_2350",9387.89340526593
"1068",42011,"N42011SL2_2200_2350",922.600979722552
"1069",42029,"N42029SL2_2200_2350",93879.1581530362
"1070",42071,"N42071SL2_2200_2350",127717.871975304
"1071",42075,"N42075SL0_2220_2140",11404.0048779344
"1072",42043,"N42043SL4_2240_2310",36655.0205379542
"1073",42075,"N42075SL4_2240_2310",6224.48798989429
"1074",42043,"N42043SL3_2260_2050",3272.26022353859
"1075",42099,"N42099SL3_2260_2050",60716.0915771462
"1076",42041,"N42041SL9_2270_2380",13593.4721651352
"1077",42043,"N42043SL9_2270_2380",33974.9292092926
"1078",42055,"N42055SL3_2290_2260",566.003538618481
"1079",42099,"N42099SL3_2290_2260",44572.5481672718
"1080",42071,"N42071SL2_2300_2520",4993.88860640476
"1081",42075,"N42075SL2_2300_2520",17696.1112578778
"1082",42043,"N42043SL9_2310_2430",7008.73124551623
"1083",42071,"N42071SL9_2310_2430",1100.54128944337
"1084",42075,"N42075SL9_2310_2430",711.45957961846
"1085",42133,"N42133SL9_2310_2430",17471.6544197422
"1086",42041,"N42041SL4_2330_2270",74381.3928013602
"1087",42071,"N42071SL3_2350_2470",130409.598851061
"1088",42041,"N42041SL4_2370_2330",51803.3946903908
"1089",42055,"N42055SL4_2370_2330",3982.66787475358
"1090",42099,"N42099SL4_2370_2330",89399.7576923127
"1091",42043,"N42043SL9_2380_2310",7720.78047899435
"1092",42133,"N42133SL9_2380_2310",36128.7384685197
"1093",42071,"N42071SL1_2390_2420",13002.059468134
"1094",42001,"N42001SL3_2400_2440",7092.69393379501
"1095",42041,"N42041SL3_2400_2440",8022.75033913044
"1096",42133,"N42133SL3_2400_2440",130442.022121242
"1097",42029,"N42029SL2_2410_2700",1935.17583094868
"1098",42071,"N42071SL2_2410_2700",155925.502960858
"1099",42071,"N42071SL3_2420_2700",119934.293397438
"1100",42071,"N42071SL9_2430_2490",53668.4597455614
"1101",42133,"N42133SL9_2430_2490",101744.324055684
"1102",42041,"N42041SL3_2440_2380",392.569514987683
"1103",42133,"N42133SL3_2440_2380",333192.005962195
"1104",24013,"N24013SL3_2460_2430",33079.780965797
"1105",42001,"N42001SL3_2460_2430",1626.65991049277
"1106",42041,"N42041SL3_2460_2430",19879.2855313824
"1107",42133,"N42133SL3_2460_2430",22320.9020088947
"1108",42071,"N42071SL3_2470_2420",15428.8773830107
"1109",24015,"N24015SL2_2480_0001",10923.1120936077
"1110",42029,"N42029SL2_2480_0001",28880.2464318841
"1111",42071,"N42071SL2_2480_0001",20535.4059318142
"1112",42071,"N42071SL9_2490_2520",44473.068487937
"1113",42133,"N42133SL9_2490_2520",128081.069609118
"1114",42071,"N42071SL9_2520_2700",43063.9898505627
"1115",42133,"N42133SL9_2520_2700",142203.843881096
"1116",42041,"N42041SL2_2540_2370",16924.1761579807
"1117",42055,"N42055SL2_2540_2370",421.223673294221
"1118",42099,"N42099SL2_2540_2370",59110.0105699141
"1119",42133,"N42133SL3_2550_2490",10810.3303901099
"1120",42041,"N42041SL1_2670_2370",160884.136812033
"1121",42055,"N42055SL1_2670_2370",16046.2485940499
"1122",42071,"N42071SL9_2700_2720",52756.8606242301
"1123",42133,"N42133SL9_2700_2720",104532.899944204
"1124",24015,"N24015SL9_2720_0001",163957.685350297
"1125",24025,"N24025SL9_2720_0001",244941.165800344
"1126",42071,"N42071SL9_2720_0001",53288.8006066116
"1127",42133,"N42133SL9_2720_0001",51629.1480475395
"1128",24025,"N24025SL0_2721_2720",17938.491486039
"1129",42133,"N42133SL0_2721_2720",3524.30182289156
"1130",42133,"N42133SL3_2730_2550",14707.7510630324
"1131",24025,"N24025SL2_2750_2720",27815.6826373076
"1132",42133,"N42133SL2_2750_2720",903.811700041208
"1133",42133,"N42133SL1_2760_2730",1291.17670398745
"1134",42133,"N42133SL1_2770_2730",925.758995235727
"1135",42133,"N42133SL1_2830_2760",78130.0204274978
"1136",24013,"N24013SL0_2831_2830",19433.6101247191
"1137",42133,"N42133SL0_2831_2830",363.225297164067
"1138",24005,"N24005SL2_2910_3060",24803.9012665753
"1139",24025,"N24025SL2_2910_3060",123936.521466146
"1140",42133,"N42133SL2_2910_3060",18478.8907531076
"1141",24015,"N24015SL9_2970_0000",20184.7879287332
"1142",24025,"N24025SL9_2970_0000",28889.190689151
"1143",24015,"N24015SL9_2971_0000",9840.58624675698
"1144",24025,"N24025SL9_2971_0000",13735.7701093777
"1145",24025,"N24025SL2_3060_0001",18739.5837259437
"1146",36017,"N36017SU3_0010_0190",2187.94843981266
"1147",36043,"N36043SU3_0010_0190",29443.138008335
"1148",36053,"N36053SU3_0010_0190",30716.9448337247
"1149",36065,"N36065SU3_0010_0190",27551.6815365013
"1150",36077,"N36077SU3_0010_0190",464.275060664254
"1151",36043,"N36043SU2_0020_0140",15458.1062182611
"1152",36077,"N36077SU2_0020_0140",52118.0530570408
"1153",36043,"N36043SU2_0030_0140",51200.4826452475
"1154",36077,"N36077SU2_0030_0140",47029.6161868859
"1155",36077,"N36077SU2_0040_0180",19292.590240714
"1156",36017,"N36017SU1_0050_0090",26199.12572931
"1157",36053,"N36053SU1_0050_0090",22051.36335533
"1158",36065,"N36065SU1_0050_0090",13901.6036570103
"1159",36043,"N36043SU1_0060_0190",54044.5158642027
"1160",36077,"N36077SU1_0060_0190",938.002944502864
"1161",36017,"N36017SU2_0070_0090",3183.40555739058
"1162",36053,"N36053SU2_0070_0090",597.617323430927
"1163",36077,"N36077SU1_0080_0210",21033.8454545749
"1164",36017,"N36017SU3_0090_0170",18903.5840553728
"1165",36053,"N36053SU3_0090_0170",105531.624897443
"1166",36025,"N36025SU2_0100_0230",50109.9548886209
"1167",36077,"N36077SU2_0100_0230",131103.940886133
"1168",36017,"N36017SU2_0110_0240",27374.2817498687
"1169",36023,"N36023SU2_0110_0240",42964.9115153344
"1170",36053,"N36053SU2_0110_0240",4442.52311082784
"1171",36023,"N36023SU2_0120_0260",267579.408494215
"1172",36053,"N36053SU2_0120_0260",61296.2729197765
"1173",36067,"N36067SU2_0120_0260",10883.5894377511
"1174",36077,"N36077SU2_0130_0250",21372.7765523178
"1175",36077,"N36077SU3_0140_0180",5573.39956179451
"1176",36025,"N36025SU2_0150_0220",7811.47540715237
"1177",36077,"N36077SU2_0150_0220",4988.47696506697
"1178",36095,"N36095SU2_0150_0220",70882.5352365148
"1179",36023,"N36023SU2_0160_0260",35905.9299914363
"1180",36067,"N36067SU2_0160_0260",17494.8621854096
"1181",36109,"N36109SU2_0160_0260",7178.59731728278
"1182",36017,"N36017SU3_0170_0270",3812.94974006115
"1183",36077,"N36077SU3_0180_0230",1560.95479485386
"1184",36017,"N36017SU3_0190_0300",1783.93865031827
"1185",36077,"N36077SU3_0190_0300",13243.353567848
"1186",36017,"N36017SU1_0200_0270",75125.4432385119
"1187",36077,"N36077SU2_0210_0300",15377.0121562759
"1188",36025,"N36025SU4_0220_0250",26256.6554697492
"1189",36077,"N36077SU4_0220_0250",24222.4570449705
"1190",36077,"N36077SU4_0230_0220",36967.9818812924
"1191",36007,"N36007SU3_0240_0350",27850.7656156684
"1192",36017,"N36017SU3_0240_0350",9087.89765248173
"1193",36023,"N36023SU3_0240_0350",1292.30680868445
"1194",36025,"N36025SU4_0250_0340",42426.4621971048
"1195",36077,"N36077SU4_0250_0340",85369.442980663
"1196",36007,"N36007SU4_0260_0350",103954.662112345
"1197",36023,"N36023SU4_0260_0350",7270.09856974695
"1198",36107,"N36107SU4_0260_0350",77476.312924321
"1199",36017,"N36017SU4_0270_0430",78194.3108479863
"1200",36007,"N36007SU2_0280_0430",57986.5912031153
"1201",36017,"N36017SU2_0280_0430",40921.8540655119
"1202",36023,"N36023SU2_0280_0430",167238.372231186
"1203",36025,"N36025SU2_0290_0291",58437.367471197
"1204",36077,"N36077SU2_0290_0291",4399.16518641832
"1205",36025,"N36025SU2_0291_0320",9680.13420231438
"1206",36017,"N36017SU4_0300_0310",132417.046221634
"1207",36077,"N36077SU4_0300_0310",19889.021147861
"1208",36017,"N36017SU5_0310_0400",75811.1264913518
"1209",36025,"N36025SU5_0310_0400",51637.5110609158
"1210",36025,"N36025SU2_0320_0340",14585.3062122315
"1211",36023,"N36023SU1_0330_0560",66125.843800093
"1212",36107,"N36107SU1_0330_0560",2442.65212739616
"1213",36109,"N36109SU1_0330_0560",262.105217225108
"1214",36025,"N36025SU5_0340_0310",77770.5835284287
"1215",36077,"N36077SU5_0340_0310",7393.65355236632
"1216",36007,"N36007SU4_0350_0420",434.061780672193
"1217",36017,"N36017SU4_0350_0420",50339.8866895397
"1218",36023,"N36023SU4_0350_0420",124799.170410898
"1219",36017,"N36017SU2_0360_0460",38946.8687503831
"1220",36051,"N36051SU3_0370_0490",92524.1073380485
"1221",36069,"N36069SU3_0370_0490",1543.38448622258
"1222",36097,"N36097SU3_0370_0490",26814.7011109291
"1223",36101,"N36101SU3_0370_0490",49778.6243979907
"1224",36123,"N36123SU3_0370_0490",21445.4245193531
"1225",36017,"N36017SU1_0380_0400",12576.972777941
"1226",36025,"N36025SU1_0380_0400",10499.1005006238
"1227",36107,"N36107SU1_0390_0560",11198.7121031192
"1228",36109,"N36109SU1_0390_0560",15968.4531874922
"1229",36017,"N36017SU5_0400_0460",144453.847930901
"1230",36007,"N36007SU1_0410_0480",4228.848905225
"1231",36017,"N36017SU1_0410_0480",2575.31875728313
"1232",36007,"N36007SU5_0420_0500",140362.75164535
"1233",36017,"N36017SU5_0420_0500",10463.9642050593
"1234",36007,"N36007SU4_0430_0420",138729.557151612
"1235",36017,"N36017SU4_0430_0420",108335.341919739
"1236",36007,"N36007SU2_0440_0550",54665.7147803628
"1237",36107,"N36107SU2_0440_0550",258.422980076345
"1238",36015,"N36015SU2_0450_0720",23081.7575009804
"1239",36097,"N36097SU2_0450_0720",36516.1490786514
"1240",36107,"N36107SU2_0450_0720",21898.1883025654
"1241",36109,"N36109SU2_0450_0720",7559.10814427724
"1242",42015,"N42015SU2_0450_0720",4940.38774339251
"1243",36007,"N36007SU5_0460_0480",14038.048171074
"1244",36017,"N36017SU5_0460_0480",805.233735328769
"1245",36015,"N36015SU2_0470_0590",15694.8676001062
"1246",36107,"N36107SU2_0470_0590",328.891062169719
"1247",36109,"N36109SU2_0470_0590",24624.7124323513
"1248",36007,"N36007SU6_0480_0520",8352.23792014331
"1249",42115,"N42115SU6_0480_0520",43687.7076689593
"1250",42115,"H42115SU6_0480_0520",36135.2094191285
"1251",42127,"N42127SU6_0480_0520",32435.7663185982
"1252",36097,"N36097SU3_0490_0530",60754.6461000221
"1253",36101,"N36101SU3_0490_0530",11255.3364590817
"1254",36007,"N36007SU6_0500_0550",128940.199679959
"1255",42115,"N42115SU6_0500_0550",61305.9923283133
"1256",36007,"N36007SU6_0520_0500",35671.8303111054
"1257",36015,"N36015SU5_0530_0610",10275.4230283316
"1258",36097,"N36097SU5_0530_0610",37956.8029282498
"1259",36101,"N36101SU5_0530_0610",2407.17212348825
"1260",36107,"N36107SU7_0540_0720",82996.4791020418
"1261",42015,"N42015SU7_0540_0720",98117.7324463103
"1262",42115,"N42115SU7_0540_0720",290601.934741659
"1263",36007,"N36007SU7_0550_0540",1132.80747715574
"1264",36107,"N36107SU7_0550_0540",7823.12389152567
"1265",42015,"N42015SU7_0550_0540",2283.02372270513
"1266",42115,"N42115SU7_0550_0540",17005.3127659525
"1267",36107,"N36107SU2_0560_0590",59571.0311340181
"1268",36101,"N36101SU2_0570_0580",6652.98671557738
"1269",36101,"N36101SU4_0580_0630",75639.3568014905
"1270",36107,"N36107SU3_0590_0540",43241.3313141666
"1271",36015,"N36015SU5_0600_0750",228718.092883934
"1272",36107,"N36107SU5_0600_0750",31570.1363840704
"1273",42015,"N42015SU5_0600_0750",35267.6454168604
"1274",36015,"N36015SU5_0610_0600",26273.8153626342
"1275",42015,"N42015SU5_0610_0600",57055.2731434417
"1276",36003,"N36003SU2_0620_0580",43336.210629946
"1277",36101,"N36101SU2_0620_0580",28382.6477974304
"1278",36101,"N36101SU4_0630_0650",4082.1426936763
"1279",36101,"N36101SU2_0640_0630",2412.9683379215
"1280",36101,"N36101SU5_0650_0530",9209.08231810718
"1281",42115,"N42115SU1_0660_0710",8211.01003044654
"1282",42115,"H42115SU1_0660_0710",489.494661677107
"1283",42115,"N42115SU2_0670_0810",33902.8410173007
"1284",42115,"H42115SU2_0670_0810",90155.4596397448
"1285",42127,"N42127SU2_0670_0810",17448.1177389765
"1286",36015,"N36015SU2_0680_0610",2302.54215645844
"1287",36101,"N36101SU2_0680_0610",682.825713275835
"1288",42015,"N42015SU2_0680_0610",28830.4967674439
"1289",42117,"N42117SU2_0680_0610",24998.5335672978
"1290",36101,"N36101SU4_0690_0650",49276.27879033
"1291",42015,"N42015SU2_0700_0860",48870.1172129042
"1292",42115,"N42115SU2_0700_0860",112397.684243712
"1293",42069,"N42069SU3_0710_0910",22766.8781857283
"1294",42115,"N42115SU3_0710_0910",41217.9837865952
"1295",42131,"N42131SU3_0710_0910",265454.7570667
"1296",42015,"N42015SU7_0720_0750",18444.1508480822
"1297",42015,"N42015SU7_0730_0860",154050.483427725
"1298",36101,"N36101SU2_0740_0741",27942.4487684465
"1299",42117,"N42117SU2_0740_0741",2329.26096434845
"1300",36101,"N36101SU2_0741_0690",20071.2329806362
"1301",42117,"N42117SU2_0741_0690",14829.5111973251
"1302",42015,"N42015SU7_0750_0850",45631.4239292961
"1303",42115,"N42115SU2_0760_0960",32475.0595514336
"1304",42131,"N42131SU2_0760_0960",205.357767781629
"1305",36101,"N36101SU3_0770_0690",62407.5705068903
"1306",42117,"N42117SU3_0770_0690",114330.534363476
"1307",42069,"N42069SU2_0780_0710",133749.871207241
"1308",42115,"N42115SU2_0780_0710",61370.1371907724
"1309",42115,"H42115SU2_0780_0710",204232.389975465
"1310",42117,"N42117SU3_0790_0770",9473.78506428644
"1311",42015,"N42015SU2_0800_0850",33234.4745302504
"1312",42117,"N42117SU2_0800_0850",6805.46972107283
"1313",42069,"N42069SU3_0810_0970",437.101725275297
"1314",42115,"N42115SU3_0810_0970",10496.9630381317
"1315",42115,"H42115SU3_0810_0970",1473.3420985985
"1316",42127,"N42127SU3_0810_0970",55778.1785045161
"1317",36101,"N36101SU1_0820_0740",6538.56353188165
"1318",42105,"N42105SU1_0820_0740",60516.8586264801
"1319",42117,"N42117SU1_0820_0740",15059.3902475243
"1320",42117,"N42117SU2_0830_0831",948.702495714004
"1321",42015,"N42015SU3_0831_0790",15984.8329309404
"1322",42117,"N42117SU3_0831_0790",16513.1168572612
"1323",42117,"N42117SU1_0840_0831",51085.7421471029
"1324",42015,"N42015SU7_0850_0730",119189.837162961
"1325",42015,"N42015SU7_0860_0960",13693.0772525862
"1326",42115,"N42115SU7_0860_0960",30086.3430796093
"1327",42131,"N42131SU7_0860_0960",16073.8400462004
"1328",42015,"N42015SU3_0870_0730",56812.2126029023
"1329",42113,"N42113SU3_0870_0730",14270.7572950125
"1330",42015,"N42015SU2_0890_0900",93966.7741877403
"1331",42081,"N42081SU2_0890_0900",15103.3344090912
"1332",42117,"N42117SU2_0890_0900",759.815243979138
"1333",42015,"N42015SU2_0900_0870",10305.3983141662
"1334",42131,"N42131SU3_0910_1010",13896.5837584918
"1335",42015,"N42015SU2_0920_0830",8908.50393185644
"1336",42117,"N42117SU2_0920_0830",142733.176911172
"1337",42015,"N42015SU1_0940_0900",27039.3016772616
"1338",42081,"N42081SU1_0940_0900",11293.6155754839
"1339",42113,"N42113SU1_0940_0900",6730.61294313867
"1340",42131,"N42131SU7_0950_1010",8767.77812986991
"1341",42131,"N42131SU7_0960_0950",17380.7748203891
"1342",42069,"N42069SU7_0980_1120",387.880512811693
"1343",42079,"N42079SU7_0980_1120",106859.152683528
"1344",42079,"L42079SU7_0980_1120",109220.908252977
"1345",42131,"N42131SU7_0980_1120",31095.9605118123
"1346",42015,"N42015SU2_0990_0950",57466.8138469443
"1347",42079,"H42079SU2_0990_0950",25935.1972136276
"1348",42113,"N42113SU2_0990_0950",7375.68775941786
"1349",42113,"H42113SU2_0990_0950",55314.9440098918
"1350",42131,"N42131SU2_0990_0950",19511.233743723
"1351",42131,"H42131SU2_0990_0950",447.409890194587
"1352",42131,"N42131SU7_1010_0980",79594.6464340629
"1353",42079,"N42079SU2_1020_0980",11405.5765499789
"1354",42079,"H42079SU2_1020_0980",165643.138237045
"1355",42131,"N42131SU2_1020_0980",108429.574140978
"1356",42131,"H42131SU2_1020_0980",22842.96388494
"1357",42079,"N42079SU7_1120_1140",110113.07141074
"1358",42079,"L42079SU7_1120_1140",22667.3292849069
"1359",42037,"N42037SU7_1140_1420",176855.708857801
"1360",42079,"N42079SU7_1140_1420",7942.05396255041
"1361",42079,"H42079SU7_1140_1420",12269.1153746837
"1362",42079,"L42079SU7_1140_1420",38353.583681365
"1363",42037,"N42037SU2_1200_1310",3047.0276661572
"1364",42079,"N42079SU2_1200_1310",86652.2747579403
"1365",42079,"H42079SU2_1200_1310",14323.845875008
"1366",42113,"H42113SU2_1200_1310",10704.8395862862
"1367",42037,"N42037SU2_1210_1310",15186.5003556752
"1368",42079,"N42079SU2_1210_1310",33708.4147877728
"1369",42079,"H42079SU2_1210_1310",44586.5263035478
"1370",42113,"N42113SU2_1210_1310",79531.0708184403
"1371",42113,"H42113SU2_1210_1310",3426.26414459026
"1372",42037,"N42037SU3_1280_1590",34966.3842255757
"1373",42081,"N42081SU3_1280_1590",79618.0965652571
"1374",42093,"N42093SU3_1280_1590",34916.2544159969
"1375",42113,"N42113SU3_1280_1590",36401.3244175302
"1376",42079,"N42079SU2_1290_1500",23744.348926792
"1377",42037,"N42037SU3_1310_1280",5863.22282529005
"1378",42037,"N42037SU7_1420_1590",54705.0666017792
"1379",42079,"N42079SU7_1420_1590",27688.9240570968
"1380",42037,"N42037SU1_1480_1500",807.731185818779
"1381",42079,"N42079SU1_1480_1500",344.036369105312
"1382",42107,"N42107SU1_1480_1500",32489.5832585725
"1383",42037,"N42037SU3_1500_1420",101199.013540208
"1384",42079,"N42079SU3_1500_1420",24682.9188113259
"1385",42037,"N42037SU8_1530_1760",12041.9660550507
"1386",42093,"N42093SU8_1530_1760",2429.11369212243
"1387",42097,"N42097SU8_1530_1760",35240.6205403466
"1388",42025,"N42025SU2_1550_1620",1229.40629429428
"1389",42037,"N42037SU2_1550_1620",814.452493520112
"1390",42079,"N42079SU2_1550_1620",176.257224464298
"1391",42107,"N42107SU2_1550_1620",113430.518963692
"1392",42037,"N42037SU8_1590_1620",27199.8452062545
"1393",42037,"N42037SU8_1610_1530",1565.94461080192
"1394",42093,"N42093SU8_1610_1530",65832.0943522176
"1395",42097,"N42097SU8_1610_1530",5206.50258615799
"1396",42037,"N42037SU8_1620_1610",106727.614671045
"1397",42037,"N42037SU1_1630_1610",1302.80639334128
"1398",42093,"N42093SU1_1630_1610",10702.9426300248
"1399",42097,"N42097SU1_1630_1610",70187.4162566548
"1400",42105,"N42105SW2_0880_0930",100332.194252767
"1401",42105,"N42105SW3_0930_1110",54456.3863649331
"1402",42117,"N42117SW3_0930_1110",414.066161923333
"1403",42117,"H42117SW3_0930_1110",187692.877996646
"1404",42081,"N42081SW2_1000_1110",130773.249774751
"1405",42117,"N42117SW2_1000_1110",4101.93869501117
"1406",42015,"N42015SW2_1030_1060",23172.0970160219
"1407",42113,"N42113SW2_1030_1060",99838.1674393982
"1408",42081,"N42081SW3_1040_1220",86640.3959464921
"1409",42113,"N42113SW3_1040_1220",71593.3954081378
"1410",42117,"N42117SW3_1040_1220",31132.1457128121
"1411",42105,"N42105SW2_1050_0930",29927.8222333638
"1412",42015,"N42015SW3_1060_1260",6495.32404106408
"1413",42081,"N42081SW3_1060_1260",830.157561418911
"1414",42113,"N42113SW3_1060_1260",77554.4635167188
"1415",42113,"L42113SW3_1060_1260",36032.1461967372
"1416",42113,"N42113SW2_1070_1060",2262.86737665616
"1417",42113,"H42113SW2_1070_1060",40228.5940498401
"1418",42131,"N42131SW2_1070_1060",26156.6419075682
"1419",42131,"H42131SW2_1070_1060",217145.229116321
"1420",42081,"N42081SW3_1080_1350",74379.345496323
"1421",42117,"N42117SW3_1080_1350",54284.3676623845
"1422",42023,"N42023SW3_1090_1091",14329.0039976269
"1423",42105,"N42105SW3_1090_1091",285.555601821953
"1424",42023,"N42023SW3_1091_1380",37184.2061664162
"1425",42035,"N42035SW3_1091_1380",17369.2086548989
"1426",42105,"N42105SW3_1091_1380",65209.871661223
"1427",42035,"N42035SW2_1100_1130",32265.8255726707
"1428",42105,"N42105SW2_1100_1130",71275.862247366
"1429",42117,"H42117SW2_1100_1130",29838.0944525346
"1430",42081,"N42081SW4_1110_1150",10521.4502858712
"1431",42117,"N42117SW4_1110_1150",70379.363507477
"1432",42117,"H42117SW4_1110_1150",218247.634204591
"1433",42023,"N42023SW3_1130_1390",18461.4897350887
"1434",42035,"N42035SW3_1130_1390",1317.72056694069
"1435",42105,"N42105SW3_1130_1390",13434.1593563653
"1436",42081,"N42081SW4_1150_1350",30168.3879779957
"1437",42105,"N42105SW4_1150_1350",24762.3268300565
"1438",42117,"H42117SW4_1150_1350",43510.8674222899
"1439",42081,"N42081SW1_1160_1260",13459.0088609443
"1440",42023,"N42023SW1_1170_1270",19278.9689353372
"1441",42083,"N42083SW1_1170_1270",38834.9832665448
"1442",42105,"N42105SW1_1170_1270",24271.3199418898
"1443",42113,"N42113SW1_1180_1190",99413.9868757295
"1444",42113,"H42113SW1_1180_1190",1743.40229027613
"1445",42037,"N42037SW2_1190_1410",6481.59257502629
"1446",42081,"N42081SW2_1190_1410",33899.2835118529
"1447",42093,"N42093SW2_1190_1410",68565.2868095617
"1448",42113,"N42113SW2_1190_1410",15855.1689988585
"1449",42113,"H42113SW2_1190_1410",42907.7805934931
"1450",42081,"N42081SW3_1220_1320",122901.281829326
"1451",42035,"N42035SW6_1230_1440",2263.4757769323
"1452",42081,"N42081SW6_1230_1440",87023.0346008468
"1453",42105,"N42105SW6_1230_1440",4339.06359123941
"1454",42023,"N42023SW2_1240_1270",37864.4025591368
"1455",42047,"N42047SW2_1240_1270",46777.4989068877
"1456",42083,"N42083SW2_1240_1270",60712.5741728593
"1457",42081,"N42081SW3_1250_1340",49357.1801248376
"1458",42081,"N42081SW4_1260_1300",69562.7571634067
"1459",42023,"N42023SW3_1270_1370",150408.824097028
"1460",42047,"N42047SW3_1270_1370",43109.0939445316
"1461",42105,"N42105SW3_1270_1370",7159.81582539093
"1462",42081,"N42081SW7_1300_1410",46054.3805771423
"1463",42081,"N42081SW7_1320_1300",3324.13050679614
"1464",42035,"N42035SW6_1330_1230",75635.4343230655
"1465",42081,"N42081SW7_1340_1320",95409.9688597896
"1466",42035,"N42035SW5_1350_1470",84826.3075895536
"1467",42081,"N42081SW5_1350_1470",95179.6841895434
"1468",42023,"N42023SW2_1360_1430",73096.5516417879
"1469",42033,"N42033SW2_1360_1430",52353.6067185531
"1470",42047,"N42047SW2_1360_1430",14511.9343921072
"1471",42023,"N42023SW3_1370_1430",127193.804434804
"1472",42023,"N42023SW3_1380_1490",9313.57760835463
"1473",42035,"N42035SW3_1390_1330",61370.5907926837
"1474",42023,"N42023SW6_1400_1330",62184.935943449
"1475",42035,"N42035SW6_1400_1330",5580.8106304226
"1476",42035,"N42035SW7_1410_1460",3553.93367174665
"1477",42081,"N42081SW7_1410_1460",57223.4308603093
"1478",42097,"N42097SW7_1410_1460",9252.08617647791
"1479",42119,"N42119SW7_1410_1460",2980.41141342339
"1480",42119,"H42119SW7_1410_1460",42518.6902363168
"1481",42023,"N42023SW4_1430_1490",39626.330149117
"1482",42035,"N42035SW6_1440_1470",90560.0094967694
"1483",42081,"N42081SW6_1440_1470",71702.0255015977
"1484",42037,"N42037SW1_1450_1510",77218.1655094358
"1485",42081,"N42081SW1_1450_1510",27707.5912895622
"1486",42093,"N42093SW1_1450_1510",23878.9276421527
"1487",42097,"N42097SW1_1450_1510",61196.111883507
"1488",42081,"N42081SW7_1460_1640",1363.38054188927
"1489",42093,"N42093SW7_1460_1640",16654.8426555726
"1490",42097,"N42097SW7_1460_1640",971.33349912103
"1491",42119,"N42119SW7_1460_1640",4780.55063681903
"1492",42035,"N42035SW7_1470_1340",530.282971492346
"1493",42081,"N42081SW7_1470_1340",10233.7012477289
"1494",42023,"N42023SW4_1490_1400",64200.1375080596
"1495",42033,"N42033SW4_1490_1400",1766.75710402787
"1496",42035,"N42035SW4_1490_1400",2679.16626549617
"1497",42037,"N42037SW1_1510_1680",1025.35770156551
"1498",42093,"N42093SW1_1510_1680",30046.1020821292
"1499",42097,"N42097SW1_1510_1680",77305.6170711833
"1500",42027,"N42027SW0_1520_1600",23698.4943003029
"1501",42035,"N42035SW0_1520_1600",37019.9334491375
"1502",42023,"N42023SW5_1540_1400",10251.0853448043
"1503",42027,"N42027SW5_1540_1400",6480.92566403619
"1504",42033,"N42033SW5_1540_1400",60491.4713244855
"1505",42035,"N42035SW5_1540_1400",45788.4004632619
"1506",42047,"N42047SW5_1540_1400",20250.9606858332
"1507",42027,"H42027SW1_1560_1460",2126.88696984969
"1508",42035,"N42035SW1_1560_1460",1415.11406084544
"1509",42081,"N42081SW1_1560_1460",37186.9859495829
"1510",42119,"N42119SW1_1560_1460",88125.8580667915
"1511",42119,"H42119SW1_1560_1460",21316.420829985
"1512",42027,"H42027SW1_1570_1640",58.1827248283846
"1513",42119,"N42119SW1_1570_1640",30340.0369333726
"1514",42119,"H42119SW1_1570_1640",99644.8522918213
"1515",42027,"N42027SW3_1580_1440",14765.279072523
"1516",42027,"H42027SW3_1580_1440",36890.2551569063
"1517",42035,"N42035SW3_1580_1440",114236.467770599
"1518",42081,"N42081SW3_1580_1440",29776.9819973944
"1519",42119,"H42119SW3_1580_1440",70816.3710359316
"1520",42027,"N42027SW3_1600_1580",217347.660427537
"1521",42035,"N42035SW3_1600_1580",47018.2535002943
"1522",42097,"N42097SW7_1640_1680",12793.5132256124
"1523",42119,"N42119SW7_1640_1680",3250.11242181423
"1524",42033,"N42033SW5_1650_1540",43673.0371509157
"1525",42027,"N42027SW3_1660_1580",110356.722773867
"1526",42035,"N42035SW3_1660_1580",15286.430260458
"1527",42097,"N42097SW7_1680_1760",603.490634977375
"1528",42119,"N42119SW7_1680_1760",2573.51304576096
"1529",42027,"N42027SW3_1690_1660",2675.27340179196
"1530",42033,"N42033SW4_1720_1650",86449.6044378614
"1531",42027,"N42027SW3_1750_1540",189982.732725671
"1532",42033,"N42033SW3_1750_1540",7999.21247390781
"1533",42027,"N42027SW2_1770_1690",344121.957858467
"1534",42033,"N42033SW3_1800_1650",1918.9341499441
"1535",42027,"N42027SW1_1830_1690",17592.8433269896
"1536",42033,"N42033SW4_1860_1720",29906.4962957027
"1537",42013,"H42013SW3_1870_1800",33568.1485854503
"1538",42021,"N42021SW3_1870_1800",22291.4913802275
"1539",42033,"N42033SW3_1870_1800",201157.466348326
"1540",42027,"N42027SW1_1890_1830",42678.4071629773
"1541",42027,"N42027SW1_1910_1890",15336.1647827239
"1542",24003,"N24003WL0_4420_0000",76373.5157691498
"1543",24003,"N24003WL0_4421_0000",9160.88967488007
"1544",24003,"N24003WL0_4422_0000",30411.6362006272
"1545",24003,"N24003WL0_4423_0000",28509.2763754407
"1546",24003,"N24003WL0_4600_0000",63158.5658663224
"1547",24003,"N24003WL0_4601_0000",70415.8304811762
"1548",24003,"N24003WL0_4602_0000",27042.9382308769
"1549",24003,"N24003WL0_4603_0000",42145.6663886931
"1550",24003,"N24003WL0_4770_0000",37198.7371676352
"1551",24003,"N24003WL0_4771_0000",27811.3076212552
"1552",24003,"N24003WL0_4772_0000",33289.2628208055
"1553",24009,"N24009WL0_4772_0000",20713.9364238065
"1554",24009,"N24009WL0_4920_0000",741.630492689507
"1555",24009,"N24009WL0_4921_0000",69668.2343258576
"1556",24009,"N24009WL0_4922_0000",101357.90283841
"1557",24009,"N24009WL0_4925_0000",19598.6833906512
"1558",24037,"N24037WL0_4924_0000",11744.8470717187
"1559",24037,"N24037WL0_5880_0000",11052.789802463
"1560",24037,"N24037WL0_5881_0000",98721.0647601893
"1561",24005,"N24005WM0_3650_0001",733.239561120918
"1562",24510,"N24510WM0_3650_0001",23799.1365693186
"1563",24005,"N24005WM1_3660_3910",6481.77129200093
"1564",24005,"N24005WM0_3740_0001",88946.401325733
"1565",24510,"N24510WM0_3740_0001",35477.5385501753
"1566",24005,"N24005WM0_3741_0000",22562.4080000511
"1567",24510,"N24510WM0_3741_0000",10682.1340174004
"1568",24005,"N24005WM3_3880_4060",6149.46015458441
"1569",24013,"N24013WM3_3880_4060",52542.6641394792
"1570",24027,"N24027WM3_3880_4060",48936.5373783384
"1571",24005,"N24005WM0_3881_3880",39947.7933704592
"1572",24013,"N24013WM0_3881_3880",16970.1863180956
"1573",24013,"N24013WM1_3882_3880",18528.8649117944
"1574",24027,"N24027WM1_3882_3880",26720.6788706522
"1575",24005,"N24005WM1_3910_0001",7731.33897267802
"1576",24510,"N24510WM1_3910_0001",49291.3661056002
"1577",24510,"N24510WM0_3960_0000",53208.9849223198
"1578",24003,"N24003WM0_3961_0000",37359.5138603817
"1579",24510,"N24510WM0_3961_0000",25536.5810193362
"1580",24003,"N24003WM0_3962_0000",21133.117038755
"1581",24510,"N24510WM0_3962_0000",35405.3884265975
"1582",24003,"N24003WM0_3963_0000",80812.9743974437
"1583",24005,"N24005WM0_3964_0000",22456.7023104414
"1584",24510,"N24510WM0_3964_0000",5003.03921825028
"1585",24003,"N24003WM3_4060_0001",126016.414377481
"1586",24005,"N24005WM3_4060_0001",1250.81345972981
"1587",24027,"N24027WM3_4060_0001",335.045307133754
"1588",24510,"N24510WM3_4060_0001",152054.312138989
"1589",24005,"N24005WU2_3020_3320",33486.2731755361
"1590",24025,"N24025WU2_3020_3320",11639.821545892
"1591",42133,"N42133WU2_3020_3320",3789.33272529935
"1592",24005,"N24005WU0_3021_3020",17112.3107223918
"1593",24013,"N24013WU0_3021_3020",8079.87894111296
"1594",42133,"N42133WU0_3021_3020",71958.4443055639
"1595",24025,"N24025WU0_3160_0000",26929.9480733709
"1596",24025,"N24025WU0_3161_0000",143569.589328388
"1597",24025,"N24025WU0_3253_0000",6554.58368457748
"1598",24005,"N24005WU2_3320_3480",187431.182997406
"1599",24025,"N24025WU1_3330_0001",8631.13487416119
"1600",24025,"N24025WU1_3331_3330",26626.9629956045
"1601",24005,"N24005WU1_3350_3490",30064.1140810521
"1602",24013,"N24013WU1_3350_3490",11417.4173387708
"1603",24005,"N24005WU3_3480_3481",147976.967059513
"1604",24005,"N24005WU3_3481_0001",217905.746258799
"1605",24005,"N24005WU1_3482_0001",12832.8459078692
"1606",24025,"N24025WU1_3482_0001",81597.4555208562
"1607",24005,"N24005WU1_3490_3480",8433.91750172652
"1608",24005,"N24005WU0_3670_0001",84111.1117942573
"1609",24005,"N24005WU0_3671_0000",153171.731744531
"1610",24005,"N24005WU0_3820_0000",20677.6826911082
"1611",24033,"N24033XL1_4690_0001",203454.182930313
"1612",24033,"N24033XL1_4691_0000",938.361828180536
"1613",24003,"N24003XL3_4710_0000",223007.441873398
"1614",24033,"N24033XL3_4710_0000",35301.5009734944
"1615",24003,"N24003XL3_4711_0000",6174.98524286631
"1616",24033,"N24033XL3_4711_0000",6503.09511744642
"1617",24003,"N24003XL3_4712_0000",72787.8445093258
"1618",24033,"N24033XL3_4712_0000",72060.8113364278
"1619",24003,"N24003XL3_4713_0000",27153.0138009013
"1620",24009,"N24009XL3_4713_0000",40791.8359358514
"1621",24033,"N24033XL3_4713_0000",25355.4336727571
"1622",24003,"N24003XL3_4950_0000",34408.1112145685
"1623",24009,"N24009XL3_4950_0000",4968.46719576051
"1624",24033,"N24033XL3_4950_0000",18748.2467878659
"1625",24009,"N24009XL3_4951_0000",1263.8290457924
"1626",24033,"N24033XL3_4951_0000",9510.85810149249
"1627",24009,"N24009XL3_4952_0000",1030.57328397461
"1628",24033,"N24033XL3_4952_0000",92306.4485317986
"1629",24037,"N24037XL0_4953_0000",57063.7175766835
"1630",24009,"N24009XL0_4954_0000",60880.5798570471
"1631",24037,"N24037XL0_4955_0000",18966.6655658022
"1632",24037,"N24037XL0_5347_0000",32889.98285604
"1633",24009,"N24009XL0_5348_0000",9831.55210723865
"1634",24037,"N24037XL0_5349_0000",52390.3859400353
"1635",24009,"N24009XL0_5350_0000",13675.1063466037
"1636",24027,"N24027XU2_4070_4330",35491.6006753409
"1637",24031,"N24031XU2_4070_4330",31024.6939138831
"1638",24027,"N24027XU0_4092_4090",1268.49430333841
"1639",24027,"N24027XU0_4091_4270",32003.9372641585
"1640",24027,"N24027XU0_4130_4070",90294.3302334567
"1641",24031,"N24031XU0_4130_4070",48691.0867010027
"1642",24003,"N24003XU2_4270_4650",56254.9986682658
"1643",24027,"N24027XU2_4270_4650",93878.9004656234
"1644",24027,"N24027XU2_4330_4480",20720.3467901404
"1645",24033,"N24033XU2_4330_4480",34173.6487338985
"1646",24031,"N24031XU2_4330_4480",17051.5818776401
"1647",24003,"N24003XU2_4480_4650",9410.44055623221
"1648",24027,"N24027XU2_4480_4650",25510.6823725373
"1649",24033,"N24033XU2_4480_4650",10941.4706099322
"1650",24003,"N24003XU3_4650_0001",25997.1092243344
"1651",24033,"N24033XU3_4650_0001",63032.8308730685
"1652",51057,"N51057YL2_6580_0001",106601.90426148
"1653",51073,"N51073YL2_6580_0001",15463.677047486
"1654",51097,"N51097YL2_6580_0001",97428.1215749617
"1655",51119,"N51119YL2_6580_0001",97885.5245609871
"1656",51073,"N51073YL0_6581_0000",1273.70845762182
"1657",51115,"N51115YL0_6581_0000",199215.474111782
"1658",51119,"N51119YL0_6581_0000",40041.6122910183
"1659",51073,"N51073YL0_6872_0000",16609.2975240513
"1660",51115,"N51115YL0_6872_0000",1126.88621609499
"1661",51073,"N51073YL0_6930_0000",69825.8956510521
"1662",51095,"N51095YL0_6930_0000",11285.791494997
"1663",51097,"N51097YL0_6930_0000",2903.66202770635
"1664",51127,"N51127YL0_6930_0000",957.418437350311
"1665",51199,"N51199YL0_6930_0000",25373.7824345042
"1666",51830,"N51830YL0_6930_0000",47220.7197337915
"1667",51073,"N51073YL0_7010_0000",8920.40006081479
"1668",51073,"N51073YL0_7230_0000",811.716079754417
"1669",51033,"N51033YM2_6120_6430",32896.2234053144
"1670",51137,"N51137YM2_6120_6430",190420.431814608
"1671",51177,"N51177YM2_6120_6430",215941.622517594
"1672",51033,"N51033YM1_6370_6620",10635.1368156769
"1673",51097,"N51097YM1_6370_6620",190934.305277994
"1674",51033,"N51033YM3_6430_6620",10579.4921387122
"1675",51101,"N51101YM3_6430_6620",15563.8050426026
"1676",51177,"N51177YM3_6430_6620",148194.424808357
"1677",51033,"N51033YM4_6620_0001",30232.3791991686
"1678",51097,"N51097YM4_6620_0001",16464.4545381688
"1679",51101,"N51101YM4_6620_0001",50243.2689604763
"1680",51097,"N51097YM0_6622_0000",26625.7432039762
"1681",51101,"N51101YM0_6622_0000",2849.99768549507
"1682",51033,"N51033YP3_6330_6700",126758.057238317
"1683",51085,"N51085YP3_6330_6700",286837.05253202
"1684",51109,"N51109YP3_6330_6700",75919.3005299427
"1685",51177,"N51177YP3_6330_6700",55705.9155250316
"1686",51109,"N51109YP2_6390_6330",21334.5869712442
"1687",51137,"N51137YP2_6390_6330",19614.868635521
"1688",51177,"N51177YP2_6390_6330",197724.82487958
"1689",51003,"N51003YP3_6470_6690",12416.5857981842
"1690",51065,"N51065YP3_6470_6690",60836.9792357103
"1691",51075,"N51075YP3_6470_6690",51974.6023495952
"1692",51085,"N51085YP3_6470_6690",27295.961100477
"1693",51109,"N51109YP3_6470_6690",1624.98128353121
"1694",51137,"N51137YP3_6470_6690",883.775007122775
"1695",51085,"N51085YP1_6570_6680",33000.7730494844
"1696",51109,"N51109YP1_6570_6680",31613.0553083557
"1697",51033,"N51033YP3_6670_6720",252.287996352259
"1698",51085,"N51085YP3_6670_6720",98715.435777693
"1699",51085,"N51085YP1_6680_6670",23124.4248207394
"1700",51085,"N51085YP3_6690_6720",48696.7976896576
"1701",51109,"N51109YP3_6690_6720",22488.6794407428
"1702",51033,"N51033YP3_6700_6670",21193.2529820479
"1703",51085,"N51085YP3_6700_6670",62463.6512863837
"1704",51033,"N51033YP4_6720_6750",35261.1977143355
"1705",51085,"N51085YP4_6720_6750",11857.671310769
"1706",51101,"N51101YP4_6720_6750",16826.6078463125
"1707",51033,"N51033YP4_6750_0001",1779.52853756599
"1708",51085,"N51085YP4_6750_0001",1910.54400983275
"1709",51101,"N51101YP4_6750_0001",1587.2811430288
"1710",51085,"N51085YP5_6780_0000",23410.7637592688
"1711",51101,"N51101YP5_6780_0000",84104.8129608725
"1712",51127,"N51127YP5_6780_0000",45781.8692247869
"1713",51085,"N51085YP0_6840_0001",102713.925283602
"1714",51085,"N51085YP0_6860_6840",624.806622428757
"1715",24015,"N24015EU0_3301_0000",53266.5559633826
"1716",24015,"N24015EU0_3131_0000",12552.773527257
"1717",24029,"N24029EU0_4016_0000",62608.4760833793
"1718",24029,"N24029EU0_4120_0000",2260.01750971184
"1719",24035,"N24035EU0_4120_0000",35294.2994418231
"1720",24035,"N24035EU0_4124_0000",3217.3253816088
"1721",24035,"N24035EU0_4490_0000",3352.87963643111
"1722",24029,"N24029EU0_4123_0000",38917.9758085034
"1723",24029,"N24029EU0_4125_0000",2145.57735322839
"1724",24015,"N24015EU0_3010_0000",16312.8067770392
"1725",10003,"N10003EU0_3010_0000",19169.6767528317
"1726",10003,"N10003EU0_3011_0000",236.515698926227
"1727",24041,"N24041EM0_4551_0000",7572.5885243948
"1728",24035,"N24035EU0_4872_0000",215.75158430052
"1729",24041,"N24041EU0_4550_0000",503.048053267582
"1730",24019,"N24019EM0_4889_0000",43273.1459874908
"1731",24041,"N24041EM0_4876_0000",30003.0400979903
"1732",24019,"N24019EM0_4890_0000",33936.0303883345
"1733",24011,"N24011EM0_4327_0000",5204.58163961342
"1734",24019,"N24019EM0_4887_0000",3964.01226934481
"1735",24019,"N24019EM0_4891_0000",3727.93233378517
"1736",24019,"N24019EL0_4892_0000",264.919580834456
"1737",24019,"N24019EL0_5590_0000",1202.77402357707
"1738",24019,"N24019EL0_5262_0000",858.157855450266
"1739",24019,"N24019EL0_5284_0000",6626.81617411888
"1740",24019,"N24019EL0_5285_0000",6655.36575618702
"1741",24019,"N24019EL0_5282_0000",9105.01665846791
"1742",24045,"N24045EL0_5764_0000",97665.0666867061
"1743",24045,"N24045EL0_4598_0000",25476.2737335468
"1744",24019,"N24019EL0_4598_0000",3765.62743446585
"1745",24045,"N24045EL2_4634_0000",5254.21256527621
"1746",24019,"N24019EL2_4634_0000",1324.09906034049
"1747",24039,"N24039EL0_5765_0000",1819.72156571718
"1748",24039,"N24039EL0_5894_0000",3540.93327885398
"1749",24039,"N24039EL0_6010_0000",6390.30884036596
"1750",24039,"N24039EL0_6004_0000",184.293886150256
"1751",24039,"N24039EL3_5970_0000",346.950397067847
"1752",24047,"N24047EL3_5970_0000",242.377173819618
"1753",51001,"N51001EL0_5973_0000",1414.60572637979
"1754",51001,"N51001EL0_6191_0000",754.256803151651
"1755",51001,"N51001EL0_5896_0000",6996.80136708943
"1756",51001,"N51001EL0_6190_0000",637.064712111057
"1757",24039,"N24039EL0_5890_0000",1964.45891764193
"1758",24019,"N24019EL0_5890_0000",9764.0499937004
"1759",51001,"N51001EL0_5895_0000",27429.1823975594
"1760",24019,"N24019EL0_5766_0000",1922.27903113357
"1761",24045,"N24045EL0_4597_0000",35.4334657664364
"1762",10005,"N10005EL0_4597_0000",11401.1081796527
"1763",24039,"N24039EL3_5974_0000",7280.94750365952
"1764",24039,"N24039EL3_5971_0000",1057.86224757113
"1765",24047,"N24047EL3_5971_0000",4026.22140484266
"1766",24019,"N24019EM0_5263_0000",4721.0030676864
"1767",24019,"N24019EM0_5260_0000",444.353381739417
"1768",24015,"N24015EU0_3130_0000",3661.68934140506
"1769",24015,"N24015EU0_3302_0000",46663.1246583639
"1770",24025,"N24025WU0_3163_0000",6571.45283056635
"1771",24025,"N24025WU0_3164_0000",8062.8727506497
"1772",24025,"N24025WU0_3252_0000",675.077305676846
"1773",24025,"N24025WU0_3255_0000",2322.26353288223
"1774",24025,"N24025WU0_3254_0000",80936.5116909434
"1775",24005,"N24005WU0_3541_0000",5244.53041613712
"1776",24005,"N24005WU0_3542_0000",7587.61216135798
"1777",24005,"N24005WU0_3540_0000",18432.0312380829
"1778",24025,"N24025WU0_3540_0000",709.539326670778
"1779",24005,"N24005WU0_3821_0000",15270.9023878656
"1780",24005,"N24005WM0_3742_0000",538.121035679569
"1781",24005,"N24005WM0_3744_0000",19870.2316498677
"1782",24005,"N24005WM0_3965_0000",5419.83400517745
"1783",24003,"N24003WM0_3966_0000",18949.3588379807
"1784",24003,"N24003WL0_4393_0000",23405.4034102214
"1785",24003,"N24003WL0_4394_0000",14635.3135863408
"1786",24003,"N24003WL0_4424_0000",12606.0242726791
"1787",24009,"N24009WL0_4923_0000",17603.8330301939
"1788",24017,"N24017PL0_5791_0000",3017.96390758433
"1789",24017,"N24017PL0_5391_0000",1252.40173515491
"1790",24017,"N24017PL0_5392_0000",7899.83558802668
"1791",24017,"N24017PL0_5390_0000",3399.16356709483
"1792",24033,"N24033PL0_5390_0000",41090.1003807363
"1793",51510,"N51510PL7_4980_0000",8501.78410281658
"1794",51059,"N51059PL7_4981_0000",4211.60238461863
"1795",24033,"N24033PL7_4980_0000",28725.040342404
"1796",24033,"N24033PL7_4960_0000",26867.9498301199
"1797",11001,"N11001PL7_4960_0000",5041.96536201603
"1798",51013,"N51013PL7_4962_0000",15710.6504109534
"1799",51059,"N51059PL7_4962_0000",97276.2174460774
"1800",51610,"N51610PL7_4962_0000",69854.8283828767
"1801",51510,"N51510PL7_4962_0000",21371.9886899835
"1802",11001,"N11001PL7_4940_0000",18101.9033270584
"1803",51013,"N51013PL7_4941_0000",69993.8013976328
"1804",11001,"N11001PL7_4941_0000",17574.8144407415
"1805",11001,"N11001PL7_4910_0000",2183.11548560225
"1806",51013,"N51013PL7_4911_0000",2950.33994118723
"1807",51059,"N51059PL7_4911_0000",14130.1863536715
"1808",51059,"N51059PM7_4820_0001",2063.59283966918
"1809",24031,"N24031PM7_4820_0001",8699.75274589157
"1810",11001,"N11001PM7_4820_0001",2708.82222957983
"1811",51095,"N51095JB0_7391_0000",9648.54278332384
"1812",51199,"N51199JB0_7391_0000",1755.41074839543
"1813",51181,"N51181JB0_7392_0000",18265.1544890395
"1814",51036,"N51036JB0_7271_0000",120811.26893704
"1815",51181,"N51181JB0_7271_0000",72842.2270945595
"1816",51670,"N51670JB0_7075_0000",104366.377069522
"1817",51041,"N51041JB0_7076_0000",25292.8563053734
"1818",51650,"N51650JB0_7580_0000",6258.35524589499
"1819",51700,"N51700JB0_7580_0000",3863.26950561476
"1820",51650,"N51650YL0_7371_0000",14674.0417996996
"1821",51199,"N51199YL0_7370_0000",11995.5360829937
"1822",51650,"N51650YL0_7370_0000",3523.50500769932
"1823",51700,"N51700YL0_7370_0000",47512.8791841469
"1824",51735,"N51735YL0_7370_0000",1929.34673154842
"1825",51073,"N51073YL0_6932_0000",36620.6268444969
"1826",51199,"N51199YL0_6931_0000",12377.5165921359
"1827",51199,"N51199YL0_6929_0000",6279.58134456193
"1828",51097,"N51097YM0_6621_0000",5234.33761665356
"1829",51101,"N51101YM0_6621_0000",7965.48150717649
"1830",51097,"N51097YP0_6783_0000",9121.39731034152
"1831",51101,"N51101YP0_6783_0000",40628.264531149
"1832",51127,"N51127YP0_6783_0000",1968.29507895943
"1833",51101,"N51101YP0_6782_0000",122811.259228246
"1834",51127,"N51127YP0_6782_0000",578.658274533864
"1835",51101,"N51101YP0_6781_0000",8070.46974197047
"1836",51127,"N51127YP0_6781_0000",2533.32183269558
"1837",51097,"N51097YM0_6623_0000",13627.9131682259
"1838",51101,"N51101YM0_6623_0000",71792.6397947081
"1839",51115,"N51115YL0_6870_0000",25784.4591244201
"1840",51115,"N51115YL0_6871_0000",39797.3674697785
"1841",51103,"N51103RL0_6531_0000",15184.2241638822
"1842",51119,"N51119RL0_6531_0000",72808.3199738793
"1843",51057,"N51057RL5_6072_0000",170775.574593775
"1844",51159,"N51159RL5_6072_0000",29293.7302640086
"1845",51057,"N51057RL5_6071_0000",163607.916087302
"1846",51159,"N51159RL5_6071_0000",23334.1161409636
"1847",51193,"N51193RL5_6071_0000",193931.579102735
"1848",51093,"N51093JB0_7390_0000",16236.7805198117
"1849",51095,"N51095JB0_7390_0000",2026.47334910833
"1850",51181,"N51181JB0_7390_0000",1303.47324805113
"1851",51199,"N51199JB0_7390_0000",141271.555122655
"1852",51650,"N51650JB0_7390_0000",5901.79090182968
"1853",51700,"N51700JB0_7390_0000",2782.20985208781
"1854",51740,"N51740JB0_7390_0000",23153.9395522407
"1855",51800,"N51800JB0_7390_0000",11733.7900774743
"1856",51550,"N51550JB0_7382_0000",8357.31114285884
"1857",51710,"N51710JB0_7382_0000",43433.2033052899
"1858",51740,"N51740JB0_7382_0000",25554.8127678638
"1859",51133,"N51133PL0_6271_0000",20552.1849543175
"1860",51099,"N51099PL0_5921_0000",48346.6118361326
"1861",51153,"N51153PL0_5491_0000",112185.491147984
"1862",51710,"N51710JB0_7661_0000",327455.974155613
"1863",51810,"N51810JB0_7661_0000",90211.5829214982
"1864",51810,"N51810JB0_7662_0000",19929.0427472496
"1865",51710,"N51710JB0_7394_0000",29413.6204969408
"1866",51710,"N51710JB0_7393_0000",106667.343957726
"1867",51710,"N51710JB0_7398_0000",1627.32714600925
"1868",51710,"N51710JB0_7396_0000",56717.0317254942
"1869",51550,"N51550JB0_7381_0000",18306.119366853
"1870",51710,"N51710JB0_7381_0000",7855.13069244487
"1871",51810,"N51810JB0_7381_0000",8018.68224010927
"1872",51740,"N51740JB0_7399_0000",48680.8509593998
"1873",51550,"N51550JB0_7383_0000",249.832442577493
"1874",51740,"N51740JB0_7383_0000",2929.37924021862
"1875",51800,"N51800JB0_7383_0000",46745.5553697136
"1876",51740,"N51740JB0_7397_0000",8820.74282372117
"1877",51740,"N51740JB0_7395_0000",439.630514683695
"1878",24003,"N24003WL0_4425_0000",90713.6941383695
"1879",51133,"N51133PL0_6272_0000",107345.611892289
"1880",51193,"N51193PL0_6141_0000",9333.46979690167
"1881",51193,"N51193PL0_6131_0000",5097.48136794615
"1882",51193,"N51193PL0_6101_0000",5938.19662818081
"1883",51099,"N51099PL0_5922_0000",517.173895930141
"1884",51099,"N51099PL0_5923_0000",68202.1835191019
"1885",51099,"N51099PL0_5903_0000",1073.85037165452
"1886",51099,"N51099PL0_5902_0000",2631.70282784636
"1887",51099,"N51099PL0_5901_0000",10936.7142987473
"1888",51179,"N51179PL0_5851_0000",33814.8717400348
"1889",51099,"N51099PL0_5900_0000",50965.8746441949
"1890",51179,"N51179PL0_5900_0000",126175.866523029
"1891",51099,"N51099PL0_5904_0000",2463.73236110546
"1892",51179,"N51179PL0_5495_0000",42908.8253905122
"1893",51179,"N51179PL0_5494_0000",7035.37455951881
"1894",51153,"N51153PL0_5492_0000",20222.9233814715
"1895",51013,"N51013PL7_4964_0000",1420.14750161472
"1896",24005,"N24005WM0_3743_0000",16567.0416411448
"1897",24005,"N24005WM0_3745_0000",15684.0883431373
"1898",24015,"N24015EU0_3201_0000",13764.0268630561
"1899",10003,"N10003EU0_3201_0000",31333.6899603173
"1900",24033,"N24033PL2_4811_0000",527.729613117288
"1901",11001,"N11001PL2_4811_0000",2634.85209582189
"1902",36003,"N36003SU2_0510_0570",17599.3922087692
"1903",36101,"N36101SU2_0510_0570",36882.8776611865
"1904",42069,"N42069SU3_0970_1120",805.589866293101
"1905",42069,"L42069SU3_0970_1120",56919.2656510486
"1906",42079,"N42079SU3_0970_1120",1508.86742642091
"1907",42079,"L42079SU3_0970_1120",40039.8778117624
"1908",42127,"N42127SU3_0970_1120",1739.00045292794
"1909",54093,"N54093PU2_4720_4750",16037.7912594497
"1910",51059,"N51059PL0_5252_0000",6644.73709851588
"1911",51059,"N51059PL7_4984_0000",52878.6018482807
"1912",24015,"N24015EU0_3364_0000",8873.69291346776
"1913",51650,"N51650YL0_7372_0000",15728.9777607093
"1914",51103,"N51103RL0_6451_0000",57259.768935372
"1915",24045,"N24045EL2_5270_0001",109943.947559423
"1916",24045,"N24045EL0_5760_0000",17135.3985899042
"1917",24045,"N24045EL0_5767_0001",33151.6508407068
"1918",24029,"N24029EU0_3726_0001",16646.6298817142
"1919",24027,"N24027XU0_4090_4270",55172.4175090419
"1920",24021,"N24021PM1_3711_3710",91871.805434176
"1921",24031,"N24031PM1_4251_4250",105470.863556373
"1922",24031,"N24031PM1_4250_4500",34306.2458865427
"1923",24023,"N24023PU3_4451_4450",7449.63899916307
"1924",54057,"N54057PU3_4450_4440",1805.49349800136
"1925",54057,"H54057PU3_4450_4440",1138.18305286919
